table,dataset,N,N_indexed,pattern,frac,metric,baseline,n_pairs,lethe_mean,baseline_mean,mean_diff_lethe_minus_baseline,ci_low,ci_high,p_raw,p_holm,effect_size,effect_size_type,test,analysis_scope,metric_family,appendix_destination,attribution_policy,effect_size_note
appendix_G_pairwise_significance,LegalBench-RAG,1200000,1200000,random,0.5,scored_leakage,Tombstone,10,0.0,0.18854415,-0.18854415,-0.19277587,-0.1846736,1.980363614e-14,4.752872673e-13,-1.0,rank_biserial,paired_t_for_p_value,Lethe_vs_Tombstone_frac0.5,routing_leakage,Appendix G,grouped_appendix_significance_not_per_claim,rank_biserial_saturates_when_all_paired_differences_have_same_sign
appendix_G_pairwise_significance,LegalBench-RAG,1200000,1200000,random,0.5,drift10_vs_oracle_rebuild,Tombstone,10,0.0072753,0.1217064,-0.1144311,-0.1167668,-0.11201063,1.627450185e-14,4.231370481e-13,-1.0,rank_biserial,paired_t_for_p_value,Lethe_vs_Tombstone_frac0.5,answer_drift,Appendix G,grouped_appendix_significance_not_per_claim,rank_biserial_saturates_when_all_paired_differences_have_same_sign
appendix_G_pairwise_significance,LegalBench-RAG,1200000,1200000,random,0.5,recall10_vs_exact_topk,Tombstone,10,0.9770594,0.9418951,0.0351643,0.0335898,0.03675741,1.599288262e-11,2.398932393e-10,1.0,rank_biserial,paired_t_for_p_value,Lethe_vs_Tombstone_frac0.5,retrieval_quality,Appendix G,grouped_appendix_significance_not_per_claim,rank_biserial_saturates_when_all_paired_differences_have_same_sign
appendix_G_pairwise_significance,LegalBench-RAG,1200000,1200000,cluster,0.5,scored_leakage,Tombstone,10,0.0,0.26296775,-0.26296775,-0.26912801,-0.25682011,3.83797971e-14,8.059757392e-13,-1.0,rank_biserial,paired_t_for_p_value,Lethe_vs_Tombstone_frac0.5,routing_leakage,Appendix G,grouped_appendix_significance_not_per_claim,rank_biserial_saturates_when_all_paired_differences_have_same_sign
appendix_G_pairwise_significance,LegalBench-RAG,1200000,1200000,cluster,0.5,drift10_vs_oracle_rebuild,Tombstone,10,0.0099189,0.1760221,-0.1661032,-0.16783464,-0.16394185,8.503946468e-17,3.82677591e-15,-1.0,rank_biserial,paired_t_for_p_value,Lethe_vs_Tombstone_frac0.5,answer_drift,Appendix G,grouped_appendix_significance_not_per_claim,rank_biserial_saturates_when_all_paired_differences_have_same_sign
appendix_G_pairwise_significance,LegalBench-RAG,1200000,1200000,cluster,0.5,recall10_vs_exact_topk,Tombstone,10,0.9764044,0.9412113,0.0351931,0.03381455,0.0367955,1.053333334e-11,1.685333334e-10,1.0,rank_biserial,paired_t_for_p_value,Lethe_vs_Tombstone_frac0.5,retrieval_quality,Appendix G,grouped_appendix_significance_not_per_claim,rank_biserial_saturates_when_all_paired_differences_have_same_sign
appendix_G_pairwise_significance,LegalBench-RAG,1200000,1200000,hub,0.5,scored_leakage,Tombstone,10,0.0,0.3152715,-0.3152715,-0.3201584,-0.31030832,1.097718137e-15,4.171328922e-14,-1.0,rank_biserial,paired_t_for_p_value,Lethe_vs_Tombstone_frac0.5,routing_leakage,Appendix G,grouped_appendix_significance_not_per_claim,rank_biserial_saturates_when_all_paired_differences_have_same_sign
appendix_G_pairwise_significance,LegalBench-RAG,1200000,1200000,hub,0.5,drift10_vs_oracle_rebuild,Tombstone,10,0.0135893,0.2248219,-0.2112326,-0.21476615,-0.20760784,2.154430169e-15,7.229837165e-14,-1.0,rank_biserial,paired_t_for_p_value,Lethe_vs_Tombstone_frac0.5,answer_drift,Appendix G,grouped_appendix_significance_not_per_claim,rank_biserial_saturates_when_all_paired_differences_have_same_sign
appendix_G_pairwise_significance,LegalBench-RAG,1200000,1200000,hub,0.5,recall10_vs_exact_topk,Tombstone,10,0.9748729,0.9417691,0.0331038,0.03093825,0.03506627,2.930098134e-10,2.930098134e-09,1.0,rank_biserial,paired_t_for_p_value,Lethe_vs_Tombstone_frac0.5,retrieval_quality,Appendix G,grouped_appendix_significance_not_per_claim,rank_biserial_saturates_when_all_paired_differences_have_same_sign
appendix_G_pairwise_significance,LegalBench-RAG,1200000,1200000,bridge,0.5,scored_leakage,Tombstone,10,0.0,0.3182233,-0.3182233,-0.32416006,-0.31239002,5.627100515e-15,1.74440116e-13,-1.0,rank_biserial,paired_t_for_p_value,Lethe_vs_Tombstone_frac0.5,routing_leakage,Appendix G,grouped_appendix_significance_not_per_claim,rank_biserial_saturates_when_all_paired_differences_have_same_sign
appendix_G_pairwise_significance,LegalBench-RAG,1200000,1200000,bridge,0.5,drift10_vs_oracle_rebuild,Tombstone,10,0.0158117,0.2435752,-0.2277635,-0.23093533,-0.22470707,3.86980311e-16,1.664015337e-14,-1.0,rank_biserial,paired_t_for_p_value,Lethe_vs_Tombstone_frac0.5,answer_drift,Appendix G,grouped_appendix_significance_not_per_claim,rank_biserial_saturates_when_all_paired_differences_have_same_sign
appendix_G_pairwise_significance,LegalBench-RAG,1200000,1200000,bridge,0.5,recall10_vs_exact_topk,Tombstone,10,0.9748905,0.9403154,0.0345751,0.03166801,0.03740761,3.63704702e-09,1.243406662e-08,1.0,rank_biserial,paired_t_for_p_value,Lethe_vs_Tombstone_frac0.5,retrieval_quality,Appendix G,grouped_appendix_significance_not_per_claim,rank_biserial_saturates_when_all_paired_differences_have_same_sign
appendix_G_pairwise_significance,MIMIC-IV-CaseStudy,1800000,1800000,random,0.5,scored_leakage,Tombstone,10,0.0,0.19937594,-0.19937594,-0.20388505,-0.19473996,3.356192784e-14,7.609131925e-13,-1.0,rank_biserial,paired_t_for_p_value,Lethe_vs_Tombstone_frac0.5,routing_leakage,Appendix G,grouped_appendix_significance_not_per_claim,rank_biserial_saturates_when_all_paired_differences_have_same_sign
appendix_G_pairwise_significance,MIMIC-IV-CaseStudy,1800000,1800000,random,0.5,drift10_vs_oracle_rebuild,Tombstone,10,0.0067615,0.1238575,-0.117096,-0.12061291,-0.11415318,1.762151503e-13,3.348087856e-12,-1.0,rank_biserial,paired_t_for_p_value,Lethe_vs_Tombstone_frac0.5,answer_drift,Appendix G,grouped_appendix_significance_not_per_claim,rank_biserial_saturates_when_all_paired_differences_have_same_sign
appendix_G_pairwise_significance,MIMIC-IV-CaseStudy,1800000,1800000,random,0.5,recall10_vs_exact_topk,Tombstone,10,0.9705063,0.9351159,0.0353904,0.03254922,0.03820108,2.639436906e-09,1.243406662e-08,1.0,rank_biserial,paired_t_for_p_value,Lethe_vs_Tombstone_frac0.5,retrieval_quality,Appendix G,grouped_appendix_significance_not_per_claim,rank_biserial_saturates_when_all_paired_differences_have_same_sign
appendix_G_pairwise_significance,MIMIC-IV-CaseStudy,1800000,1800000,cluster,0.5,scored_leakage,Tombstone,10,0.0,0.26765948,-0.26765948,-0.27288516,-0.26238415,9.773611036e-15,2.693606691e-13,-1.0,rank_biserial,paired_t_for_p_value,Lethe_vs_Tombstone_frac0.5,routing_leakage,Appendix G,grouped_appendix_significance_not_per_claim,rank_biserial_saturates_when_all_paired_differences_have_same_sign
appendix_G_pairwise_significance,MIMIC-IV-CaseStudy,1800000,1800000,cluster,0.5,drift10_vs_oracle_rebuild,Tombstone,10,0.0096681,0.1784755,-0.1688074,-0.17192312,-0.16550697,6.230077283e-15,1.869023185e-13,-1.0,rank_biserial,paired_t_for_p_value,Lethe_vs_Tombstone_frac0.5,answer_drift,Appendix G,grouped_appendix_significance_not_per_claim,rank_biserial_saturates_when_all_paired_differences_have_same_sign
appendix_G_pairwise_significance,MIMIC-IV-CaseStudy,1800000,1800000,cluster,0.5,recall10_vs_exact_topk,Tombstone,10,0.9704408,0.9349586,0.0354822,0.03300354,0.03802666,9.269829296e-10,6.222064123e-09,1.0,rank_biserial,paired_t_for_p_value,Lethe_vs_Tombstone_frac0.5,retrieval_quality,Appendix G,grouped_appendix_significance_not_per_claim,rank_biserial_saturates_when_all_paired_differences_have_same_sign
appendix_G_pairwise_significance,MIMIC-IV-CaseStudy,1800000,1800000,hub,0.5,scored_leakage,Tombstone,10,0.0,0.3131982,-0.3131982,-0.3180044,-0.3088828,5.580541041e-16,2.288021827e-14,-1.0,rank_biserial,paired_t_for_p_value,Lethe_vs_Tombstone_frac0.5,routing_leakage,Appendix G,grouped_appendix_significance_not_per_claim,rank_biserial_saturates_when_all_paired_differences_have_same_sign
appendix_G_pairwise_significance,MIMIC-IV-CaseStudy,1800000,1800000,hub,0.5,drift10_vs_oracle_rebuild,Tombstone,10,0.013287,0.222872,-0.209585,-0.21340873,-0.20608449,2.666808348e-15,8.533786713e-14,-1.0,rank_biserial,paired_t_for_p_value,Lethe_vs_Tombstone_frac0.5,answer_drift,Appendix G,grouped_appendix_significance_not_per_claim,rank_biserial_saturates_when_all_paired_differences_have_same_sign
appendix_G_pairwise_significance,MIMIC-IV-CaseStudy,1800000,1800000,hub,0.5,recall10_vs_exact_topk,Tombstone,10,0.9719183,0.9345547,0.0373636,0.03525636,0.03935534,7.720740466e-11,1.080903665e-09,1.0,rank_biserial,paired_t_for_p_value,Lethe_vs_Tombstone_frac0.5,retrieval_quality,Appendix G,grouped_appendix_significance_not_per_claim,rank_biserial_saturates_when_all_paired_differences_have_same_sign
appendix_G_pairwise_significance,MIMIC-IV-CaseStudy,1800000,1800000,bridge,0.5,scored_leakage,Tombstone,10,0.0,0.32058061,-0.32058061,-0.32504534,-0.31486201,1.222815917e-15,4.524418892e-14,-1.0,rank_biserial,paired_t_for_p_value,Lethe_vs_Tombstone_frac0.5,routing_leakage,Appendix G,grouped_appendix_significance_not_per_claim,rank_biserial_saturates_when_all_paired_differences_have_same_sign
appendix_G_pairwise_significance,MIMIC-IV-CaseStudy,1800000,1800000,bridge,0.5,drift10_vs_oracle_rebuild,Tombstone,10,0.0130612,0.241134,-0.2280728,-0.23050892,-0.22566186,3.925303152e-17,1.844892481e-15,-1.0,rank_biserial,paired_t_for_p_value,Lethe_vs_Tombstone_frac0.5,answer_drift,Appendix G,grouped_appendix_significance_not_per_claim,rank_biserial_saturates_when_all_paired_differences_have_same_sign
appendix_G_pairwise_significance,MIMIC-IV-CaseStudy,1800000,1800000,bridge,0.5,recall10_vs_exact_topk,Tombstone,10,0.9711423,0.9330805,0.0380618,0.03490206,0.04093669,2.486813323e-09,1.243406662e-08,1.0,rank_biserial,paired_t_for_p_value,Lethe_vs_Tombstone_frac0.5,retrieval_quality,Appendix G,grouped_appendix_significance_not_per_claim,rank_biserial_saturates_when_all_paired_differences_have_same_sign
appendix_G_pairwise_significance,MS-MARCO-RBAC,8000000,8000000,random,0.5,scored_leakage,Tombstone,10,0.0,0.19299003,-0.19299003,-0.19662049,-0.18942776,6.382277311e-15,1.869023185e-13,-1.0,rank_biserial,paired_t_for_p_value,Lethe_vs_Tombstone_frac0.5,routing_leakage,Appendix G,grouped_appendix_significance_not_per_claim,rank_biserial_saturates_when_all_paired_differences_have_same_sign
appendix_G_pairwise_significance,MS-MARCO-RBAC,8000000,8000000,random,0.5,drift10_vs_oracle_rebuild,Tombstone,10,0.0076103,0.1226634,-0.1150531,-0.1177365,-0.11244509,3.308318228e-14,7.609131925e-13,-1.0,rank_biserial,paired_t_for_p_value,Lethe_vs_Tombstone_frac0.5,answer_drift,Appendix G,grouped_appendix_significance_not_per_claim,rank_biserial_saturates_when_all_paired_differences_have_same_sign
appendix_G_pairwise_significance,MS-MARCO-RBAC,8000000,8000000,random,0.5,recall10_vs_exact_topk,Tombstone,10,0.9707297,0.9377313,0.0329984,0.03014597,0.03576899,5.490738632e-09,1.243406662e-08,1.0,rank_biserial,paired_t_for_p_value,Lethe_vs_Tombstone_frac0.5,retrieval_quality,Appendix G,grouped_appendix_significance_not_per_claim,rank_biserial_saturates_when_all_paired_differences_have_same_sign
appendix_G_pairwise_significance,MS-MARCO-RBAC,8000000,8000000,cluster,0.5,scored_leakage,Tombstone,10,0.0,0.26344345,-0.26344345,-0.26876173,-0.25802224,9.620023896e-15,2.693606691e-13,-1.0,rank_biserial,paired_t_for_p_value,Lethe_vs_Tombstone_frac0.5,routing_leakage,Appendix G,grouped_appendix_significance_not_per_claim,rank_biserial_saturates_when_all_paired_differences_have_same_sign
appendix_G_pairwise_significance,MS-MARCO-RBAC,8000000,8000000,cluster,0.5,drift10_vs_oracle_rebuild,Tombstone,10,0.0106763,0.1763197,-0.1656434,-0.16969045,-0.16107526,1.040662979e-13,2.081325958e-12,-1.0,rank_biserial,paired_t_for_p_value,Lethe_vs_Tombstone_frac0.5,answer_drift,Appendix G,grouped_appendix_significance_not_per_claim,rank_biserial_saturates_when_all_paired_differences_have_same_sign
appendix_G_pairwise_significance,MS-MARCO-RBAC,8000000,8000000,cluster,0.5,recall10_vs_exact_topk,Tombstone,10,0.9736442,0.9381826,0.0354616,0.03357472,0.03791101,2.332111682e-10,2.565322851e-09,1.0,rank_biserial,paired_t_for_p_value,Lethe_vs_Tombstone_frac0.5,retrieval_quality,Appendix G,grouped_appendix_significance_not_per_claim,rank_biserial_saturates_when_all_paired_differences_have_same_sign
appendix_G_pairwise_significance,MS-MARCO-RBAC,8000000,8000000,hub,0.5,scored_leakage,Tombstone,10,0.0,0.30792219,-0.30792219,-0.31473284,-0.30160357,1.790624137e-14,4.476560343e-13,-1.0,rank_biserial,paired_t_for_p_value,Lethe_vs_Tombstone_frac0.5,routing_leakage,Appendix G,grouped_appendix_significance_not_per_claim,rank_biserial_saturates_when_all_paired_differences_have_same_sign
appendix_G_pairwise_significance,MS-MARCO-RBAC,8000000,8000000,hub,0.5,drift10_vs_oracle_rebuild,Tombstone,10,0.0083923,0.2247647,-0.2163724,-0.22014852,-0.2128833,1.820664186e-15,6.372324651e-14,-1.0,rank_biserial,paired_t_for_p_value,Lethe_vs_Tombstone_frac0.5,answer_drift,Appendix G,grouped_appendix_significance_not_per_claim,rank_biserial_saturates_when_all_paired_differences_have_same_sign
appendix_G_pairwise_significance,MS-MARCO-RBAC,8000000,8000000,hub,0.5,recall10_vs_exact_topk,Tombstone,10,0.9722054,0.9350194,0.037186,0.03469209,0.03998594,8.4273188e-10,6.222064123e-09,1.0,rank_biserial,paired_t_for_p_value,Lethe_vs_Tombstone_frac0.5,retrieval_quality,Appendix G,grouped_appendix_significance_not_per_claim,rank_biserial_saturates_when_all_paired_differences_have_same_sign
appendix_G_pairwise_significance,MS-MARCO-RBAC,8000000,8000000,bridge,0.5,scored_leakage,Tombstone,10,0.0,0.32202558,-0.32202558,-0.3274203,-0.31662582,2.126422696e-15,7.229837165e-14,-1.0,rank_biserial,paired_t_for_p_value,Lethe_vs_Tombstone_frac0.5,routing_leakage,Appendix G,grouped_appendix_significance_not_per_claim,rank_biserial_saturates_when_all_paired_differences_have_same_sign
appendix_G_pairwise_significance,MS-MARCO-RBAC,8000000,8000000,bridge,0.5,drift10_vs_oracle_rebuild,Tombstone,10,0.011829,0.2406409,-0.2288119,-0.23071695,-0.22695392,3.697726514e-18,1.774908727e-16,-1.0,rank_biserial,paired_t_for_p_value,Lethe_vs_Tombstone_frac0.5,answer_drift,Appendix G,grouped_appendix_significance_not_per_claim,rank_biserial_saturates_when_all_paired_differences_have_same_sign
appendix_G_pairwise_significance,MS-MARCO-RBAC,8000000,8000000,bridge,0.5,recall10_vs_exact_topk,Tombstone,10,0.9710307,0.9367421,0.0342886,0.0319428,0.03645022,5.120647998e-10,4.608583198e-09,1.0,rank_biserial,paired_t_for_p_value,Lethe_vs_Tombstone_frac0.5,retrieval_quality,Appendix G,grouped_appendix_significance_not_per_claim,rank_biserial_saturates_when_all_paired_differences_have_same_sign
appendix_G_pairwise_significance,SIFT1M,1000000,1000000,random,0.5,scored_leakage,Tombstone,10,0.0,0.19419421,-0.19419421,-0.19960839,-0.18874986,2.249736183e-13,3.824551511e-12,-1.0,rank_biserial,paired_t_for_p_value,Lethe_vs_Tombstone_frac0.5,routing_leakage,Appendix G,grouped_appendix_significance_not_per_claim,rank_biserial_saturates_when_all_paired_differences_have_same_sign
appendix_G_pairwise_significance,SIFT1M,1000000,1000000,random,0.5,drift10_vs_oracle_rebuild,Tombstone,10,0.0054073,0.1251433,-0.119736,-0.1230111,-0.11641528,1.83521176e-13,3.348087856e-12,-1.0,rank_biserial,paired_t_for_p_value,Lethe_vs_Tombstone_frac0.5,answer_drift,Appendix G,grouped_appendix_significance_not_per_claim,rank_biserial_saturates_when_all_paired_differences_have_same_sign
appendix_G_pairwise_significance,SIFT1M,1000000,1000000,random,0.5,recall10_vs_exact_topk,Tombstone,10,0.9793635,0.9470998,0.0322637,0.02943576,0.03494443,3.729314477e-09,1.243406662e-08,1.0,rank_biserial,paired_t_for_p_value,Lethe_vs_Tombstone_frac0.5,retrieval_quality,Appendix G,grouped_appendix_significance_not_per_claim,rank_biserial_saturates_when_all_paired_differences_have_same_sign
appendix_G_pairwise_significance,SIFT1M,1000000,1000000,cluster,0.5,scored_leakage,Tombstone,10,0.0,0.26663895,-0.26663895,-0.2707378,-0.2626718,9.765275355e-16,3.808457388e-14,-1.0,rank_biserial,paired_t_for_p_value,Lethe_vs_Tombstone_frac0.5,routing_leakage,Appendix G,grouped_appendix_significance_not_per_claim,rank_biserial_saturates_when_all_paired_differences_have_same_sign
appendix_G_pairwise_significance,SIFT1M,1000000,1000000,cluster,0.5,drift10_vs_oracle_rebuild,Tombstone,10,0.0099422,0.177096,-0.1671538,-0.1693567,-0.16490453,2.63486583e-16,1.159340965e-14,-1.0,rank_biserial,paired_t_for_p_value,Lethe_vs_Tombstone_frac0.5,answer_drift,Appendix G,grouped_appendix_significance_not_per_claim,rank_biserial_saturates_when_all_paired_differences_have_same_sign
appendix_G_pairwise_significance,SIFT1M,1000000,1000000,cluster,0.5,recall10_vs_exact_topk,Tombstone,10,0.979024,0.9463059,0.0327181,0.03088204,0.03464623,1.078986936e-10,1.402683017e-09,1.0,rank_biserial,paired_t_for_p_value,Lethe_vs_Tombstone_frac0.5,retrieval_quality,Appendix G,grouped_appendix_significance_not_per_claim,rank_biserial_saturates_when_all_paired_differences_have_same_sign
appendix_G_pairwise_significance,SIFT1M,1000000,1000000,hub,0.5,scored_leakage,Tombstone,10,0.0,0.31519181,-0.31519181,-0.31965233,-0.31044462,5.243415699e-16,2.202234594e-14,-1.0,rank_biserial,paired_t_for_p_value,Lethe_vs_Tombstone_frac0.5,routing_leakage,Appendix G,grouped_appendix_significance_not_per_claim,rank_biserial_saturates_when_all_paired_differences_have_same_sign
appendix_G_pairwise_significance,SIFT1M,1000000,1000000,hub,0.5,drift10_vs_oracle_rebuild,Tombstone,10,0.0117879,0.2234262,-0.2116383,-0.21412483,-0.20934372,6.940839285e-17,3.192786071e-15,-1.0,rank_biserial,paired_t_for_p_value,Lethe_vs_Tombstone_frac0.5,answer_drift,Appendix G,grouped_appendix_significance_not_per_claim,rank_biserial_saturates_when_all_paired_differences_have_same_sign
appendix_G_pairwise_significance,SIFT1M,1000000,1000000,hub,0.5,recall10_vs_exact_topk,Tombstone,10,0.9790872,0.9455827,0.0335045,0.03178651,0.03547195,1.088193397e-10,1.402683017e-09,1.0,rank_biserial,paired_t_for_p_value,Lethe_vs_Tombstone_frac0.5,retrieval_quality,Appendix G,grouped_appendix_significance_not_per_claim,rank_biserial_saturates_when_all_paired_differences_have_same_sign
appendix_G_pairwise_significance,SIFT1M,1000000,1000000,bridge,0.5,scored_leakage,Tombstone,10,0.0,0.31696164,-0.31696164,-0.32195779,-0.31250384,7.217017244e-16,2.886806898e-14,-1.0,rank_biserial,paired_t_for_p_value,Lethe_vs_Tombstone_frac0.5,routing_leakage,Appendix G,grouped_appendix_significance_not_per_claim,rank_biserial_saturates_when_all_paired_differences_have_same_sign
appendix_G_pairwise_significance,SIFT1M,1000000,1000000,bridge,0.5,drift10_vs_oracle_rebuild,Tombstone,10,0.014008,0.2428301,-0.2288221,-0.23260175,-0.22523586,1.320918815e-15,4.755307734e-14,-1.0,rank_biserial,paired_t_for_p_value,Lethe_vs_Tombstone_frac0.5,answer_drift,Appendix G,grouped_appendix_significance_not_per_claim,rank_biserial_saturates_when_all_paired_differences_have_same_sign
appendix_G_pairwise_significance,SIFT1M,1000000,1000000,bridge,0.5,recall10_vs_exact_topk,Tombstone,10,0.9792044,0.9452003,0.0340041,0.0315302,0.0364641,7.777580154e-10,6.222064123e-09,1.0,rank_biserial,paired_t_for_p_value,Lethe_vs_Tombstone_frac0.5,retrieval_quality,Appendix G,grouped_appendix_significance_not_per_claim,rank_biserial_saturates_when_all_paired_differences_have_same_sign
