dataset,N,N_indexed,method,pattern,target_type,frac,stress_mode,seed,topk,M,ef_construction,ef_search,revoked_target_nodes,affected_query_share,drift10,drift10_pct,recall10_vs_exact_topk,scored_leakage,routing_leakage_auc,source_role
SIFT1M,1000000,1000000,Tombstone,hub_bridge_worstcase,high_degree_hub,0.5,strong_hub_bridge_frac0.5_reference,0,10,16,200,20,500,0.658821,0.2147322,21.4732,0.920149,0.17355773,0.884033,hub_bridge_worstcase_reference_for_comparison
SIFT1M,1000000,1000000,Tombstone,hub_bridge_worstcase,high_degree_hub,0.5,strong_hub_bridge_frac0.5_reference,1,10,16,200,20,500,0.682081,0.20882971,20.883,0.916266,0.16018683,0.866617,hub_bridge_worstcase_reference_for_comparison
SIFT1M,1000000,1000000,Tombstone,hub_bridge_worstcase,high_degree_hub,0.5,strong_hub_bridge_frac0.5_reference,2,10,16,200,20,500,0.689075,0.21611112,21.6111,0.923706,0.17807362,0.854124,hub_bridge_worstcase_reference_for_comparison
SIFT1M,1000000,1000000,Tombstone,hub_bridge_worstcase,high_degree_hub,0.5,strong_hub_bridge_frac0.5_reference,3,10,16,200,20,500,0.712486,0.21411693,21.4117,0.920323,0.17210821,0.878908,hub_bridge_worstcase_reference_for_comparison
SIFT1M,1000000,1000000,Tombstone,hub_bridge_worstcase,high_degree_hub,0.5,strong_hub_bridge_frac0.5_reference,4,10,16,200,20,500,0.622787,0.21193628,21.1936,0.916089,0.16411445,0.878143,hub_bridge_worstcase_reference_for_comparison
SIFT1M,1000000,1000000,Tombstone,hub_bridge_worstcase,high_degree_hub,0.5,strong_hub_bridge_frac0.5_reference,5,10,16,200,20,500,0.722815,0.21860011,21.86,0.918428,0.19096591,0.896471,hub_bridge_worstcase_reference_for_comparison
SIFT1M,1000000,1000000,Tombstone,hub_bridge_worstcase,high_degree_hub,0.5,strong_hub_bridge_frac0.5_reference,6,10,16,200,20,500,0.673311,0.20333188,20.3332,0.921749,0.17577898,0.860819,hub_bridge_worstcase_reference_for_comparison
SIFT1M,1000000,1000000,Tombstone,hub_bridge_worstcase,high_degree_hub,0.5,strong_hub_bridge_frac0.5_reference,7,10,16,200,20,500,0.654555,0.22332784,22.3328,0.91929,0.18401529,0.883503,hub_bridge_worstcase_reference_for_comparison
SIFT1M,1000000,1000000,Tombstone,hub_bridge_worstcase,high_degree_hub,0.5,strong_hub_bridge_frac0.5_reference,8,10,16,200,20,500,0.653399,0.22089035,22.089,0.921895,0.17828018,0.903522,hub_bridge_worstcase_reference_for_comparison
SIFT1M,1000000,1000000,Tombstone,hub_bridge_worstcase,high_degree_hub,0.5,strong_hub_bridge_frac0.5_reference,9,10,16,200,20,500,0.713383,0.21852359,21.8524,0.915263,0.17861493,0.874799,hub_bridge_worstcase_reference_for_comparison
SIFT1M,1000000,1000000,Tombstone,hub_bridge_worstcase,high_betweenness_bridge,0.5,strong_hub_bridge_frac0.5_reference,0,10,16,200,20,500,0.692946,0.2407908,24.0791,0.916824,0.17940095,0.898757,hub_bridge_worstcase_reference_for_comparison
SIFT1M,1000000,1000000,Tombstone,hub_bridge_worstcase,high_betweenness_bridge,0.5,strong_hub_bridge_frac0.5_reference,1,10,16,200,20,500,0.670982,0.21731966,21.732,0.911701,0.17285176,0.869742,hub_bridge_worstcase_reference_for_comparison
SIFT1M,1000000,1000000,Tombstone,hub_bridge_worstcase,high_betweenness_bridge,0.5,strong_hub_bridge_frac0.5_reference,2,10,16,200,20,500,0.709935,0.21969496,21.9695,0.913448,0.182638,0.88939,hub_bridge_worstcase_reference_for_comparison
SIFT1M,1000000,1000000,Tombstone,hub_bridge_worstcase,high_betweenness_bridge,0.5,strong_hub_bridge_frac0.5_reference,3,10,16,200,20,500,0.699209,0.23588034,23.588,0.91746,0.18903871,0.897505,hub_bridge_worstcase_reference_for_comparison
SIFT1M,1000000,1000000,Tombstone,hub_bridge_worstcase,high_betweenness_bridge,0.5,strong_hub_bridge_frac0.5_reference,4,10,16,200,20,500,0.67288,0.23591556,23.5916,0.916902,0.20417221,0.90932,hub_bridge_worstcase_reference_for_comparison
SIFT1M,1000000,1000000,Tombstone,hub_bridge_worstcase,high_betweenness_bridge,0.5,strong_hub_bridge_frac0.5_reference,5,10,16,200,20,500,0.678783,0.22263778,22.2638,0.917154,0.18675834,0.882134,hub_bridge_worstcase_reference_for_comparison
SIFT1M,1000000,1000000,Tombstone,hub_bridge_worstcase,high_betweenness_bridge,0.5,strong_hub_bridge_frac0.5_reference,6,10,16,200,20,500,0.677369,0.22621787,22.6218,0.922856,0.18171114,0.890495,hub_bridge_worstcase_reference_for_comparison
SIFT1M,1000000,1000000,Tombstone,hub_bridge_worstcase,high_betweenness_bridge,0.5,strong_hub_bridge_frac0.5_reference,7,10,16,200,20,500,0.707606,0.22379955,22.38,0.916123,0.19059498,0.880468,hub_bridge_worstcase_reference_for_comparison
SIFT1M,1000000,1000000,Tombstone,hub_bridge_worstcase,high_betweenness_bridge,0.5,strong_hub_bridge_frac0.5_reference,8,10,16,200,20,500,0.679966,0.2336054,23.3605,0.917929,0.18581361,0.900691,hub_bridge_worstcase_reference_for_comparison
SIFT1M,1000000,1000000,Tombstone,hub_bridge_worstcase,high_betweenness_bridge,0.5,strong_hub_bridge_frac0.5_reference,9,10,16,200,20,500,0.719037,0.22893809,22.8938,0.919683,0.19982309,0.895595,hub_bridge_worstcase_reference_for_comparison
SIFT1M,1000000,1000000,Post-filter,hub_bridge_worstcase,high_degree_hub,0.5,strong_hub_bridge_frac0.5_reference,0,10,16,200,20,500,0.675958,0.22274394,22.2744,0.916342,0.17485669,0.884085,hub_bridge_worstcase_reference_for_comparison
SIFT1M,1000000,1000000,Post-filter,hub_bridge_worstcase,high_degree_hub,0.5,strong_hub_bridge_frac0.5_reference,1,10,16,200,20,500,0.631065,0.2187883,21.8788,0.915171,0.18785608,0.894849,hub_bridge_worstcase_reference_for_comparison
SIFT1M,1000000,1000000,Post-filter,hub_bridge_worstcase,high_degree_hub,0.5,strong_hub_bridge_frac0.5_reference,2,10,16,200,20,500,0.6832,0.21662245,21.6622,0.9155,0.16913875,0.864694,hub_bridge_worstcase_reference_for_comparison
SIFT1M,1000000,1000000,Post-filter,hub_bridge_worstcase,high_degree_hub,0.5,strong_hub_bridge_frac0.5_reference,3,10,16,200,20,500,0.695998,0.22438666,22.4387,0.921025,0.2001122,0.894309,hub_bridge_worstcase_reference_for_comparison
SIFT1M,1000000,1000000,Post-filter,hub_bridge_worstcase,high_degree_hub,0.5,strong_hub_bridge_frac0.5_reference,4,10,16,200,20,500,0.688239,0.22186976,22.187,0.919746,0.19134143,0.886083,hub_bridge_worstcase_reference_for_comparison
SIFT1M,1000000,1000000,Post-filter,hub_bridge_worstcase,high_degree_hub,0.5,strong_hub_bridge_frac0.5_reference,5,10,16,200,20,500,0.679618,0.2284531,22.8453,0.910332,0.19465781,0.865851,hub_bridge_worstcase_reference_for_comparison
SIFT1M,1000000,1000000,Post-filter,hub_bridge_worstcase,high_degree_hub,0.5,strong_hub_bridge_frac0.5_reference,6,10,16,200,20,500,0.71673,0.21976865,21.9769,0.918217,0.17196836,0.896536,hub_bridge_worstcase_reference_for_comparison
SIFT1M,1000000,1000000,Post-filter,hub_bridge_worstcase,high_degree_hub,0.5,strong_hub_bridge_frac0.5_reference,7,10,16,200,20,500,0.666659,0.22282844,22.2828,0.91393,0.19309322,0.885689,hub_bridge_worstcase_reference_for_comparison
SIFT1M,1000000,1000000,Post-filter,hub_bridge_worstcase,high_degree_hub,0.5,strong_hub_bridge_frac0.5_reference,8,10,16,200,20,500,0.707029,0.22877894,22.8779,0.914897,0.19095215,0.89866,hub_bridge_worstcase_reference_for_comparison
SIFT1M,1000000,1000000,Post-filter,hub_bridge_worstcase,high_degree_hub,0.5,strong_hub_bridge_frac0.5_reference,9,10,16,200,20,500,0.636105,0.22295976,22.296,0.919312,0.1838749,0.880272,hub_bridge_worstcase_reference_for_comparison
SIFT1M,1000000,1000000,Post-filter,hub_bridge_worstcase,high_betweenness_bridge,0.5,strong_hub_bridge_frac0.5_reference,0,10,16,200,20,500,0.65424,0.2232605,22.3261,0.923926,0.18572919,0.898058,hub_bridge_worstcase_reference_for_comparison
SIFT1M,1000000,1000000,Post-filter,hub_bridge_worstcase,high_betweenness_bridge,0.5,strong_hub_bridge_frac0.5_reference,1,10,16,200,20,500,0.633783,0.23678237,23.6782,0.918405,0.19564735,0.920013,hub_bridge_worstcase_reference_for_comparison
SIFT1M,1000000,1000000,Post-filter,hub_bridge_worstcase,high_betweenness_bridge,0.5,strong_hub_bridge_frac0.5_reference,2,10,16,200,20,500,0.652379,0.2384624,23.8462,0.919408,0.19796169,0.88805,hub_bridge_worstcase_reference_for_comparison
SIFT1M,1000000,1000000,Post-filter,hub_bridge_worstcase,high_betweenness_bridge,0.5,strong_hub_bridge_frac0.5_reference,3,10,16,200,20,500,0.675098,0.2284104,22.841,0.913556,0.17708669,0.900486,hub_bridge_worstcase_reference_for_comparison
SIFT1M,1000000,1000000,Post-filter,hub_bridge_worstcase,high_betweenness_bridge,0.5,strong_hub_bridge_frac0.5_reference,4,10,16,200,20,500,0.673658,0.24321066,24.3211,0.911853,0.1875308,0.896401,hub_bridge_worstcase_reference_for_comparison
SIFT1M,1000000,1000000,Post-filter,hub_bridge_worstcase,high_betweenness_bridge,0.5,strong_hub_bridge_frac0.5_reference,5,10,16,200,20,500,0.656963,0.23834883,23.8349,0.920086,0.1851886,0.921626,hub_bridge_worstcase_reference_for_comparison
SIFT1M,1000000,1000000,Post-filter,hub_bridge_worstcase,high_betweenness_bridge,0.5,strong_hub_bridge_frac0.5_reference,6,10,16,200,20,500,0.705124,0.23077665,23.0777,0.921242,0.20144312,0.882722,hub_bridge_worstcase_reference_for_comparison
SIFT1M,1000000,1000000,Post-filter,hub_bridge_worstcase,high_betweenness_bridge,0.5,strong_hub_bridge_frac0.5_reference,7,10,16,200,20,500,0.700016,0.22621722,22.6217,0.919585,0.17700283,0.888978,hub_bridge_worstcase_reference_for_comparison
SIFT1M,1000000,1000000,Post-filter,hub_bridge_worstcase,high_betweenness_bridge,0.5,strong_hub_bridge_frac0.5_reference,8,10,16,200,20,500,0.701619,0.2297332,22.9733,0.917617,0.19025556,0.904394,hub_bridge_worstcase_reference_for_comparison
SIFT1M,1000000,1000000,Post-filter,hub_bridge_worstcase,high_betweenness_bridge,0.5,strong_hub_bridge_frac0.5_reference,9,10,16,200,20,500,0.646762,0.22799776,22.7998,0.916753,0.18485243,0.871203,hub_bridge_worstcase_reference_for_comparison
SIFT1M,1000000,1000000,Lethe,hub_bridge_worstcase,high_degree_hub,0.5,strong_hub_bridge_frac0.5_reference,0,10,16,200,20,500,0.64091,0.0112519,1.1252,0.977373,0.0,0.50391,hub_bridge_worstcase_reference_for_comparison
SIFT1M,1000000,1000000,Lethe,hub_bridge_worstcase,high_degree_hub,0.5,strong_hub_bridge_frac0.5_reference,1,10,16,200,20,500,0.672775,0.01239711,1.2397,0.977777,0.0,0.5053,hub_bridge_worstcase_reference_for_comparison
SIFT1M,1000000,1000000,Lethe,hub_bridge_worstcase,high_degree_hub,0.5,strong_hub_bridge_frac0.5_reference,2,10,16,200,20,500,0.685665,0.00805028,0.805,0.980865,0.0,0.501242,hub_bridge_worstcase_reference_for_comparison
SIFT1M,1000000,1000000,Lethe,hub_bridge_worstcase,high_degree_hub,0.5,strong_hub_bridge_frac0.5_reference,3,10,16,200,20,500,0.673145,0.00662927,0.6629,0.97976,0.0,0.504868,hub_bridge_worstcase_reference_for_comparison
SIFT1M,1000000,1000000,Lethe,hub_bridge_worstcase,high_degree_hub,0.5,strong_hub_bridge_frac0.5_reference,4,10,16,200,20,500,0.648599,0.00928365,0.9284,0.977999,0.0,0.497449,hub_bridge_worstcase_reference_for_comparison
SIFT1M,1000000,1000000,Lethe,hub_bridge_worstcase,high_degree_hub,0.5,strong_hub_bridge_frac0.5_reference,5,10,16,200,20,500,0.703392,0.00959363,0.9594,0.974362,0.0,0.499005,hub_bridge_worstcase_reference_for_comparison
SIFT1M,1000000,1000000,Lethe,hub_bridge_worstcase,high_degree_hub,0.5,strong_hub_bridge_frac0.5_reference,6,10,16,200,20,500,0.656038,0.00928997,0.929,0.977583,0.0,0.501901,hub_bridge_worstcase_reference_for_comparison
SIFT1M,1000000,1000000,Lethe,hub_bridge_worstcase,high_degree_hub,0.5,strong_hub_bridge_frac0.5_reference,7,10,16,200,20,500,0.630917,0.0079322,0.7932,0.975474,0.0,0.506932,hub_bridge_worstcase_reference_for_comparison
SIFT1M,1000000,1000000,Lethe,hub_bridge_worstcase,high_degree_hub,0.5,strong_hub_bridge_frac0.5_reference,8,10,16,200,20,500,0.657158,0.0117528,1.1753,0.978409,0.0,0.510874,hub_bridge_worstcase_reference_for_comparison
SIFT1M,1000000,1000000,Lethe,hub_bridge_worstcase,high_degree_hub,0.5,strong_hub_bridge_frac0.5_reference,9,10,16,200,20,500,0.651065,0.00981918,0.9819,0.980458,0.0,0.499273,hub_bridge_worstcase_reference_for_comparison
SIFT1M,1000000,1000000,Lethe,hub_bridge_worstcase,high_betweenness_bridge,0.5,strong_hub_bridge_frac0.5_reference,0,10,16,200,20,500,0.668886,0.01282832,1.2828,0.977053,0.0,0.504411,hub_bridge_worstcase_reference_for_comparison
SIFT1M,1000000,1000000,Lethe,hub_bridge_worstcase,high_betweenness_bridge,0.5,strong_hub_bridge_frac0.5_reference,1,10,16,200,20,500,0.715148,0.00911527,0.9115,0.982305,0.0,0.505535,hub_bridge_worstcase_reference_for_comparison
SIFT1M,1000000,1000000,Lethe,hub_bridge_worstcase,high_betweenness_bridge,0.5,strong_hub_bridge_frac0.5_reference,2,10,16,200,20,500,0.633608,0.01065116,1.0651,0.976873,0.0,0.501294,hub_bridge_worstcase_reference_for_comparison
SIFT1M,1000000,1000000,Lethe,hub_bridge_worstcase,high_betweenness_bridge,0.5,strong_hub_bridge_frac0.5_reference,3,10,16,200,20,500,0.643811,0.01153375,1.1534,0.978195,0.0,0.50254,hub_bridge_worstcase_reference_for_comparison
SIFT1M,1000000,1000000,Lethe,hub_bridge_worstcase,high_betweenness_bridge,0.5,strong_hub_bridge_frac0.5_reference,4,10,16,200,20,500,0.633985,0.01079219,1.0792,0.978081,0.0,0.508389,hub_bridge_worstcase_reference_for_comparison
SIFT1M,1000000,1000000,Lethe,hub_bridge_worstcase,high_betweenness_bridge,0.5,strong_hub_bridge_frac0.5_reference,5,10,16,200,20,500,0.654163,0.01023034,1.023,0.980359,0.0,0.506808,hub_bridge_worstcase_reference_for_comparison
SIFT1M,1000000,1000000,Lethe,hub_bridge_worstcase,high_betweenness_bridge,0.5,strong_hub_bridge_frac0.5_reference,6,10,16,200,20,500,0.660999,0.01005995,1.006,0.976177,0.0,0.496724,hub_bridge_worstcase_reference_for_comparison
SIFT1M,1000000,1000000,Lethe,hub_bridge_worstcase,high_betweenness_bridge,0.5,strong_hub_bridge_frac0.5_reference,7,10,16,200,20,500,0.660327,0.00930178,0.9302,0.979166,0.0,0.501453,hub_bridge_worstcase_reference_for_comparison
SIFT1M,1000000,1000000,Lethe,hub_bridge_worstcase,high_betweenness_bridge,0.5,strong_hub_bridge_frac0.5_reference,8,10,16,200,20,500,0.671564,0.01020501,1.0205,0.978837,0.0,0.508859,hub_bridge_worstcase_reference_for_comparison
SIFT1M,1000000,1000000,Lethe,hub_bridge_worstcase,high_betweenness_bridge,0.5,strong_hub_bridge_frac0.5_reference,9,10,16,200,20,500,0.679357,0.01088223,1.0882,0.977701,0.0,0.502816,hub_bridge_worstcase_reference_for_comparison
LegalBench-RAG,1200000,1200000,Tombstone,hub_bridge_worstcase,high_degree_hub,0.5,strong_hub_bridge_frac0.5_reference,0,10,16,200,20,600,0.684104,0.22438978,22.439,0.918378,0.18966889,0.881089,hub_bridge_worstcase_reference_for_comparison
LegalBench-RAG,1200000,1200000,Tombstone,hub_bridge_worstcase,high_degree_hub,0.5,strong_hub_bridge_frac0.5_reference,1,10,16,200,20,600,0.657431,0.21436746,21.4367,0.916527,0.17190486,0.880254,hub_bridge_worstcase_reference_for_comparison
LegalBench-RAG,1200000,1200000,Tombstone,hub_bridge_worstcase,high_degree_hub,0.5,strong_hub_bridge_frac0.5_reference,2,10,16,200,20,600,0.68877,0.22273721,22.2737,0.914198,0.17184482,0.88085,hub_bridge_worstcase_reference_for_comparison
LegalBench-RAG,1200000,1200000,Tombstone,hub_bridge_worstcase,high_degree_hub,0.5,strong_hub_bridge_frac0.5_reference,3,10,16,200,20,600,0.682317,0.22803277,22.8033,0.918085,0.18004631,0.891442,hub_bridge_worstcase_reference_for_comparison
LegalBench-RAG,1200000,1200000,Tombstone,hub_bridge_worstcase,high_degree_hub,0.5,strong_hub_bridge_frac0.5_reference,4,10,16,200,20,600,0.673143,0.21724356,21.7244,0.923441,0.18219001,0.869475,hub_bridge_worstcase_reference_for_comparison
LegalBench-RAG,1200000,1200000,Tombstone,hub_bridge_worstcase,high_degree_hub,0.5,strong_hub_bridge_frac0.5_reference,5,10,16,200,20,600,0.729697,0.22463523,22.4635,0.92348,0.16381766,0.882286,hub_bridge_worstcase_reference_for_comparison
LegalBench-RAG,1200000,1200000,Tombstone,hub_bridge_worstcase,high_degree_hub,0.5,strong_hub_bridge_frac0.5_reference,6,10,16,200,20,600,0.706517,0.22462131,22.4621,0.916553,0.17646758,0.890039,hub_bridge_worstcase_reference_for_comparison
LegalBench-RAG,1200000,1200000,Tombstone,hub_bridge_worstcase,high_degree_hub,0.5,strong_hub_bridge_frac0.5_reference,7,10,16,200,20,600,0.73194,0.21767661,21.7677,0.925366,0.19665459,0.885803,hub_bridge_worstcase_reference_for_comparison
LegalBench-RAG,1200000,1200000,Tombstone,hub_bridge_worstcase,high_degree_hub,0.5,strong_hub_bridge_frac0.5_reference,8,10,16,200,20,600,0.657106,0.22195438,22.1954,0.923106,0.17644059,0.874148,hub_bridge_worstcase_reference_for_comparison
LegalBench-RAG,1200000,1200000,Tombstone,hub_bridge_worstcase,high_degree_hub,0.5,strong_hub_bridge_frac0.5_reference,9,10,16,200,20,600,0.689808,0.2219417,22.1942,0.920698,0.19854519,0.894471,hub_bridge_worstcase_reference_for_comparison
LegalBench-RAG,1200000,1200000,Tombstone,hub_bridge_worstcase,high_betweenness_bridge,0.5,strong_hub_bridge_frac0.5_reference,0,10,16,200,20,600,0.706206,0.23932159,23.9322,0.921692,0.19766123,0.89068,hub_bridge_worstcase_reference_for_comparison
LegalBench-RAG,1200000,1200000,Tombstone,hub_bridge_worstcase,high_betweenness_bridge,0.5,strong_hub_bridge_frac0.5_reference,1,10,16,200,20,600,0.692329,0.23114235,23.1142,0.917412,0.1830672,0.90697,hub_bridge_worstcase_reference_for_comparison
LegalBench-RAG,1200000,1200000,Tombstone,hub_bridge_worstcase,high_betweenness_bridge,0.5,strong_hub_bridge_frac0.5_reference,2,10,16,200,20,600,0.726757,0.23188119,23.1881,0.920096,0.18896532,0.900404,hub_bridge_worstcase_reference_for_comparison
LegalBench-RAG,1200000,1200000,Tombstone,hub_bridge_worstcase,high_betweenness_bridge,0.5,strong_hub_bridge_frac0.5_reference,3,10,16,200,20,600,0.613977,0.23800331,23.8003,0.917015,0.18120012,0.88848,hub_bridge_worstcase_reference_for_comparison
LegalBench-RAG,1200000,1200000,Tombstone,hub_bridge_worstcase,high_betweenness_bridge,0.5,strong_hub_bridge_frac0.5_reference,4,10,16,200,20,600,0.66524,0.22970665,22.9707,0.923565,0.19808715,0.889393,hub_bridge_worstcase_reference_for_comparison
LegalBench-RAG,1200000,1200000,Tombstone,hub_bridge_worstcase,high_betweenness_bridge,0.5,strong_hub_bridge_frac0.5_reference,5,10,16,200,20,600,0.719835,0.23332723,23.3327,0.917426,0.1832414,0.894008,hub_bridge_worstcase_reference_for_comparison
LegalBench-RAG,1200000,1200000,Tombstone,hub_bridge_worstcase,high_betweenness_bridge,0.5,strong_hub_bridge_frac0.5_reference,6,10,16,200,20,600,0.728408,0.23698313,23.6983,0.918938,0.2053506,0.909691,hub_bridge_worstcase_reference_for_comparison
LegalBench-RAG,1200000,1200000,Tombstone,hub_bridge_worstcase,high_betweenness_bridge,0.5,strong_hub_bridge_frac0.5_reference,7,10,16,200,20,600,0.712307,0.23235108,23.2351,0.91728,0.19797645,0.890866,hub_bridge_worstcase_reference_for_comparison
LegalBench-RAG,1200000,1200000,Tombstone,hub_bridge_worstcase,high_betweenness_bridge,0.5,strong_hub_bridge_frac0.5_reference,8,10,16,200,20,600,0.690722,0.24667331,24.6673,0.917282,0.20046539,0.901888,hub_bridge_worstcase_reference_for_comparison
LegalBench-RAG,1200000,1200000,Tombstone,hub_bridge_worstcase,high_betweenness_bridge,0.5,strong_hub_bridge_frac0.5_reference,9,10,16,200,20,600,0.675263,0.23681015,23.681,0.920106,0.18776557,0.882352,hub_bridge_worstcase_reference_for_comparison
LegalBench-RAG,1200000,1200000,Post-filter,hub_bridge_worstcase,high_degree_hub,0.5,strong_hub_bridge_frac0.5_reference,0,10,16,200,20,600,0.717042,0.22690011,22.69,0.919367,0.19330594,0.899784,hub_bridge_worstcase_reference_for_comparison
LegalBench-RAG,1200000,1200000,Post-filter,hub_bridge_worstcase,high_degree_hub,0.5,strong_hub_bridge_frac0.5_reference,1,10,16,200,20,600,0.66474,0.21630988,21.631,0.922435,0.17052571,0.880346,hub_bridge_worstcase_reference_for_comparison
LegalBench-RAG,1200000,1200000,Post-filter,hub_bridge_worstcase,high_degree_hub,0.5,strong_hub_bridge_frac0.5_reference,2,10,16,200,20,600,0.668859,0.23389844,23.3898,0.914398,0.19853885,0.891944,hub_bridge_worstcase_reference_for_comparison
LegalBench-RAG,1200000,1200000,Post-filter,hub_bridge_worstcase,high_degree_hub,0.5,strong_hub_bridge_frac0.5_reference,3,10,16,200,20,600,0.664614,0.23151729,23.1517,0.917484,0.18511799,0.88689,hub_bridge_worstcase_reference_for_comparison
LegalBench-RAG,1200000,1200000,Post-filter,hub_bridge_worstcase,high_degree_hub,0.5,strong_hub_bridge_frac0.5_reference,4,10,16,200,20,600,0.685064,0.23727247,23.7272,0.912057,0.17996939,0.889148,hub_bridge_worstcase_reference_for_comparison
LegalBench-RAG,1200000,1200000,Post-filter,hub_bridge_worstcase,high_degree_hub,0.5,strong_hub_bridge_frac0.5_reference,5,10,16,200,20,600,0.657384,0.22566263,22.5663,0.919187,0.18167724,0.87257,hub_bridge_worstcase_reference_for_comparison
LegalBench-RAG,1200000,1200000,Post-filter,hub_bridge_worstcase,high_degree_hub,0.5,strong_hub_bridge_frac0.5_reference,6,10,16,200,20,600,0.698614,0.23965443,23.9654,0.919418,0.18736538,0.904506,hub_bridge_worstcase_reference_for_comparison
LegalBench-RAG,1200000,1200000,Post-filter,hub_bridge_worstcase,high_degree_hub,0.5,strong_hub_bridge_frac0.5_reference,7,10,16,200,20,600,0.710574,0.22623249,22.6232,0.918108,0.19894634,0.880947,hub_bridge_worstcase_reference_for_comparison
LegalBench-RAG,1200000,1200000,Post-filter,hub_bridge_worstcase,high_degree_hub,0.5,strong_hub_bridge_frac0.5_reference,8,10,16,200,20,600,0.702038,0.23054713,23.0547,0.921349,0.19674293,0.887434,hub_bridge_worstcase_reference_for_comparison
LegalBench-RAG,1200000,1200000,Post-filter,hub_bridge_worstcase,high_degree_hub,0.5,strong_hub_bridge_frac0.5_reference,9,10,16,200,20,600,0.649488,0.22880511,22.8805,0.928847,0.19115386,0.906299,hub_bridge_worstcase_reference_for_comparison
LegalBench-RAG,1200000,1200000,Post-filter,hub_bridge_worstcase,high_betweenness_bridge,0.5,strong_hub_bridge_frac0.5_reference,0,10,16,200,20,600,0.686886,0.24282376,24.2824,0.923361,0.21964151,0.902318,hub_bridge_worstcase_reference_for_comparison
LegalBench-RAG,1200000,1200000,Post-filter,hub_bridge_worstcase,high_betweenness_bridge,0.5,strong_hub_bridge_frac0.5_reference,1,10,16,200,20,600,0.629575,0.24005181,24.0052,0.9173,0.19624067,0.90224,hub_bridge_worstcase_reference_for_comparison
LegalBench-RAG,1200000,1200000,Post-filter,hub_bridge_worstcase,high_betweenness_bridge,0.5,strong_hub_bridge_frac0.5_reference,2,10,16,200,20,600,0.699457,0.22924348,22.9243,0.921367,0.18645317,0.873705,hub_bridge_worstcase_reference_for_comparison
LegalBench-RAG,1200000,1200000,Post-filter,hub_bridge_worstcase,high_betweenness_bridge,0.5,strong_hub_bridge_frac0.5_reference,3,10,16,200,20,600,0.651279,0.23804563,23.8046,0.921216,0.22008957,0.900522,hub_bridge_worstcase_reference_for_comparison
LegalBench-RAG,1200000,1200000,Post-filter,hub_bridge_worstcase,high_betweenness_bridge,0.5,strong_hub_bridge_frac0.5_reference,4,10,16,200,20,600,0.68885,0.23104209,23.1042,0.920616,0.20388179,0.879316,hub_bridge_worstcase_reference_for_comparison
LegalBench-RAG,1200000,1200000,Post-filter,hub_bridge_worstcase,high_betweenness_bridge,0.5,strong_hub_bridge_frac0.5_reference,5,10,16,200,20,600,0.692971,0.24284538,24.2845,0.914158,0.2011821,0.916816,hub_bridge_worstcase_reference_for_comparison
LegalBench-RAG,1200000,1200000,Post-filter,hub_bridge_worstcase,high_betweenness_bridge,0.5,strong_hub_bridge_frac0.5_reference,6,10,16,200,20,600,0.675141,0.23962744,23.9627,0.919304,0.20138982,0.919521,hub_bridge_worstcase_reference_for_comparison
LegalBench-RAG,1200000,1200000,Post-filter,hub_bridge_worstcase,high_betweenness_bridge,0.5,strong_hub_bridge_frac0.5_reference,7,10,16,200,20,600,0.712183,0.24982612,24.9826,0.915572,0.20086215,0.916636,hub_bridge_worstcase_reference_for_comparison
LegalBench-RAG,1200000,1200000,Post-filter,hub_bridge_worstcase,high_betweenness_bridge,0.5,strong_hub_bridge_frac0.5_reference,8,10,16,200,20,600,0.73011,0.24251872,24.2519,0.916112,0.19686738,0.920403,hub_bridge_worstcase_reference_for_comparison
LegalBench-RAG,1200000,1200000,Post-filter,hub_bridge_worstcase,high_betweenness_bridge,0.5,strong_hub_bridge_frac0.5_reference,9,10,16,200,20,600,0.676172,0.23977557,23.9776,0.921113,0.16825446,0.901832,hub_bridge_worstcase_reference_for_comparison
LegalBench-RAG,1200000,1200000,Lethe,hub_bridge_worstcase,high_degree_hub,0.5,strong_hub_bridge_frac0.5_reference,0,10,16,200,20,600,0.689535,0.00967371,0.9674,0.973934,0.0,0.498156,hub_bridge_worstcase_reference_for_comparison
LegalBench-RAG,1200000,1200000,Lethe,hub_bridge_worstcase,high_degree_hub,0.5,strong_hub_bridge_frac0.5_reference,1,10,16,200,20,600,0.693467,0.01073318,1.0733,0.975446,0.0,0.509934,hub_bridge_worstcase_reference_for_comparison
LegalBench-RAG,1200000,1200000,Lethe,hub_bridge_worstcase,high_degree_hub,0.5,strong_hub_bridge_frac0.5_reference,2,10,16,200,20,600,0.654084,0.01035094,1.0351,0.977043,0.0,0.5034,hub_bridge_worstcase_reference_for_comparison
LegalBench-RAG,1200000,1200000,Lethe,hub_bridge_worstcase,high_degree_hub,0.5,strong_hub_bridge_frac0.5_reference,3,10,16,200,20,600,0.629472,0.01034016,1.034,0.978043,0.0,0.501818,hub_bridge_worstcase_reference_for_comparison
LegalBench-RAG,1200000,1200000,Lethe,hub_bridge_worstcase,high_degree_hub,0.5,strong_hub_bridge_frac0.5_reference,4,10,16,200,20,600,0.668491,0.01158586,1.1586,0.978783,0.0,0.501991,hub_bridge_worstcase_reference_for_comparison
LegalBench-RAG,1200000,1200000,Lethe,hub_bridge_worstcase,high_degree_hub,0.5,strong_hub_bridge_frac0.5_reference,5,10,16,200,20,600,0.70326,0.00951716,0.9517,0.985,0.0,0.506124,hub_bridge_worstcase_reference_for_comparison
LegalBench-RAG,1200000,1200000,Lethe,hub_bridge_worstcase,high_degree_hub,0.5,strong_hub_bridge_frac0.5_reference,6,10,16,200,20,600,0.653257,0.00811923,0.8119,0.975725,0.0,0.512788,hub_bridge_worstcase_reference_for_comparison
LegalBench-RAG,1200000,1200000,Lethe,hub_bridge_worstcase,high_degree_hub,0.5,strong_hub_bridge_frac0.5_reference,7,10,16,200,20,600,0.628191,0.00976842,0.9768,0.973807,0.0,0.500508,hub_bridge_worstcase_reference_for_comparison
LegalBench-RAG,1200000,1200000,Lethe,hub_bridge_worstcase,high_degree_hub,0.5,strong_hub_bridge_frac0.5_reference,8,10,16,200,20,600,0.661653,0.00808709,0.8087,0.978223,0.0,0.50516,hub_bridge_worstcase_reference_for_comparison
LegalBench-RAG,1200000,1200000,Lethe,hub_bridge_worstcase,high_degree_hub,0.5,strong_hub_bridge_frac0.5_reference,9,10,16,200,20,600,0.618439,0.01082426,1.0824,0.975309,0.0,0.511967,hub_bridge_worstcase_reference_for_comparison
LegalBench-RAG,1200000,1200000,Lethe,hub_bridge_worstcase,high_betweenness_bridge,0.5,strong_hub_bridge_frac0.5_reference,0,10,16,200,20,600,0.677397,0.00979863,0.9799,0.979208,0.0,0.506196,hub_bridge_worstcase_reference_for_comparison
LegalBench-RAG,1200000,1200000,Lethe,hub_bridge_worstcase,high_betweenness_bridge,0.5,strong_hub_bridge_frac0.5_reference,1,10,16,200,20,600,0.649849,0.01097803,1.0978,0.975801,0.0,0.503884,hub_bridge_worstcase_reference_for_comparison
LegalBench-RAG,1200000,1200000,Lethe,hub_bridge_worstcase,high_betweenness_bridge,0.5,strong_hub_bridge_frac0.5_reference,2,10,16,200,20,600,0.626281,0.0111672,1.1167,0.979412,0.0,0.50343,hub_bridge_worstcase_reference_for_comparison
LegalBench-RAG,1200000,1200000,Lethe,hub_bridge_worstcase,high_betweenness_bridge,0.5,strong_hub_bridge_frac0.5_reference,3,10,16,200,20,600,0.692028,0.0113153,1.1315,0.985,0.0,0.510108,hub_bridge_worstcase_reference_for_comparison
LegalBench-RAG,1200000,1200000,Lethe,hub_bridge_worstcase,high_betweenness_bridge,0.5,strong_hub_bridge_frac0.5_reference,4,10,16,200,20,600,0.673175,0.00973057,0.9731,0.981028,0.0,0.502184,hub_bridge_worstcase_reference_for_comparison
LegalBench-RAG,1200000,1200000,Lethe,hub_bridge_worstcase,high_betweenness_bridge,0.5,strong_hub_bridge_frac0.5_reference,5,10,16,200,20,600,0.670138,0.01170338,1.1703,0.979054,0.0,0.502018,hub_bridge_worstcase_reference_for_comparison
LegalBench-RAG,1200000,1200000,Lethe,hub_bridge_worstcase,high_betweenness_bridge,0.5,strong_hub_bridge_frac0.5_reference,6,10,16,200,20,600,0.64,0.01183821,1.1838,0.979248,0.0,0.501274,hub_bridge_worstcase_reference_for_comparison
LegalBench-RAG,1200000,1200000,Lethe,hub_bridge_worstcase,high_betweenness_bridge,0.5,strong_hub_bridge_frac0.5_reference,7,10,16,200,20,600,0.656208,0.00892011,0.892,0.983682,0.0,0.509454,hub_bridge_worstcase_reference_for_comparison
LegalBench-RAG,1200000,1200000,Lethe,hub_bridge_worstcase,high_betweenness_bridge,0.5,strong_hub_bridge_frac0.5_reference,8,10,16,200,20,600,0.697144,0.01327746,1.3277,0.974023,0.0,0.504182,hub_bridge_worstcase_reference_for_comparison
LegalBench-RAG,1200000,1200000,Lethe,hub_bridge_worstcase,high_betweenness_bridge,0.5,strong_hub_bridge_frac0.5_reference,9,10,16,200,20,600,0.657299,0.0101711,1.0171,0.978475,0.0,0.505524,hub_bridge_worstcase_reference_for_comparison
MIMIC-IV-CaseStudy,1800000,1800000,Tombstone,hub_bridge_worstcase,high_degree_hub,0.5,strong_hub_bridge_frac0.5_reference,0,10,16,200,20,900,0.668654,0.23423721,23.4237,0.911677,0.17545266,0.882353,hub_bridge_worstcase_reference_for_comparison
MIMIC-IV-CaseStudy,1800000,1800000,Tombstone,hub_bridge_worstcase,high_degree_hub,0.5,strong_hub_bridge_frac0.5_reference,1,10,16,200,20,900,0.662315,0.21837953,21.838,0.918878,0.19420519,0.866883,hub_bridge_worstcase_reference_for_comparison
MIMIC-IV-CaseStudy,1800000,1800000,Tombstone,hub_bridge_worstcase,high_degree_hub,0.5,strong_hub_bridge_frac0.5_reference,2,10,16,200,20,900,0.674955,0.23198738,23.1987,0.921044,0.19054188,0.895569,hub_bridge_worstcase_reference_for_comparison
MIMIC-IV-CaseStudy,1800000,1800000,Tombstone,hub_bridge_worstcase,high_degree_hub,0.5,strong_hub_bridge_frac0.5_reference,3,10,16,200,20,900,0.709543,0.22471295,22.4713,0.917596,0.19122964,0.848158,hub_bridge_worstcase_reference_for_comparison
MIMIC-IV-CaseStudy,1800000,1800000,Tombstone,hub_bridge_worstcase,high_degree_hub,0.5,strong_hub_bridge_frac0.5_reference,4,10,16,200,20,900,0.691361,0.22518617,22.5186,0.921432,0.1667586,0.902184,hub_bridge_worstcase_reference_for_comparison
MIMIC-IV-CaseStudy,1800000,1800000,Tombstone,hub_bridge_worstcase,high_degree_hub,0.5,strong_hub_bridge_frac0.5_reference,5,10,16,200,20,900,0.70063,0.2414681,24.1468,0.913143,0.19698199,0.896379,hub_bridge_worstcase_reference_for_comparison
MIMIC-IV-CaseStudy,1800000,1800000,Tombstone,hub_bridge_worstcase,high_degree_hub,0.5,strong_hub_bridge_frac0.5_reference,6,10,16,200,20,900,0.680083,0.22984771,22.9848,0.921132,0.19256154,0.883932,hub_bridge_worstcase_reference_for_comparison
MIMIC-IV-CaseStudy,1800000,1800000,Tombstone,hub_bridge_worstcase,high_degree_hub,0.5,strong_hub_bridge_frac0.5_reference,7,10,16,200,20,900,0.607194,0.21737067,21.7371,0.923335,0.17137403,0.861995,hub_bridge_worstcase_reference_for_comparison
MIMIC-IV-CaseStudy,1800000,1800000,Tombstone,hub_bridge_worstcase,high_degree_hub,0.5,strong_hub_bridge_frac0.5_reference,8,10,16,200,20,900,0.681509,0.23590236,23.5902,0.917937,0.17800923,0.903346,hub_bridge_worstcase_reference_for_comparison
MIMIC-IV-CaseStudy,1800000,1800000,Tombstone,hub_bridge_worstcase,high_degree_hub,0.5,strong_hub_bridge_frac0.5_reference,9,10,16,200,20,900,0.694619,0.22570791,22.5708,0.917471,0.19435425,0.907166,hub_bridge_worstcase_reference_for_comparison
MIMIC-IV-CaseStudy,1800000,1800000,Tombstone,hub_bridge_worstcase,high_betweenness_bridge,0.5,strong_hub_bridge_frac0.5_reference,0,10,16,200,20,900,0.688475,0.24512506,24.5125,0.912147,0.19616402,0.894363,hub_bridge_worstcase_reference_for_comparison
MIMIC-IV-CaseStudy,1800000,1800000,Tombstone,hub_bridge_worstcase,high_betweenness_bridge,0.5,strong_hub_bridge_frac0.5_reference,1,10,16,200,20,900,0.665927,0.23970332,23.9703,0.923016,0.2079112,0.893332,hub_bridge_worstcase_reference_for_comparison
MIMIC-IV-CaseStudy,1800000,1800000,Tombstone,hub_bridge_worstcase,high_betweenness_bridge,0.5,strong_hub_bridge_frac0.5_reference,2,10,16,200,20,900,0.712055,0.24982075,24.9821,0.915817,0.21144264,0.926556,hub_bridge_worstcase_reference_for_comparison
MIMIC-IV-CaseStudy,1800000,1800000,Tombstone,hub_bridge_worstcase,high_betweenness_bridge,0.5,strong_hub_bridge_frac0.5_reference,3,10,16,200,20,900,0.657547,0.24532728,24.5327,0.91015,0.22161342,0.884857,hub_bridge_worstcase_reference_for_comparison
MIMIC-IV-CaseStudy,1800000,1800000,Tombstone,hub_bridge_worstcase,high_betweenness_bridge,0.5,strong_hub_bridge_frac0.5_reference,4,10,16,200,20,900,0.699283,0.25268729,25.2687,0.913025,0.22316361,0.915684,hub_bridge_worstcase_reference_for_comparison
MIMIC-IV-CaseStudy,1800000,1800000,Tombstone,hub_bridge_worstcase,high_betweenness_bridge,0.5,strong_hub_bridge_frac0.5_reference,5,10,16,200,20,900,0.69441,0.23977278,23.9773,0.917237,0.20816824,0.877633,hub_bridge_worstcase_reference_for_comparison
MIMIC-IV-CaseStudy,1800000,1800000,Tombstone,hub_bridge_worstcase,high_betweenness_bridge,0.5,strong_hub_bridge_frac0.5_reference,6,10,16,200,20,900,0.684021,0.23432725,23.4327,0.914276,0.17737423,0.882479,hub_bridge_worstcase_reference_for_comparison
MIMIC-IV-CaseStudy,1800000,1800000,Tombstone,hub_bridge_worstcase,high_betweenness_bridge,0.5,strong_hub_bridge_frac0.5_reference,7,10,16,200,20,900,0.662326,0.23707475,23.7075,0.915138,0.19354193,0.893668,hub_bridge_worstcase_reference_for_comparison
MIMIC-IV-CaseStudy,1800000,1800000,Tombstone,hub_bridge_worstcase,high_betweenness_bridge,0.5,strong_hub_bridge_frac0.5_reference,8,10,16,200,20,900,0.692203,0.242481,24.2481,0.92311,0.18767261,0.879955,hub_bridge_worstcase_reference_for_comparison
MIMIC-IV-CaseStudy,1800000,1800000,Tombstone,hub_bridge_worstcase,high_betweenness_bridge,0.5,strong_hub_bridge_frac0.5_reference,9,10,16,200,20,900,0.695531,0.24128053,24.1281,0.919737,0.20457145,0.89837,hub_bridge_worstcase_reference_for_comparison
MIMIC-IV-CaseStudy,1800000,1800000,Post-filter,hub_bridge_worstcase,high_degree_hub,0.5,strong_hub_bridge_frac0.5_reference,0,10,16,200,20,900,0.698796,0.23473307,23.4733,0.916214,0.20109071,0.901074,hub_bridge_worstcase_reference_for_comparison
MIMIC-IV-CaseStudy,1800000,1800000,Post-filter,hub_bridge_worstcase,high_degree_hub,0.5,strong_hub_bridge_frac0.5_reference,1,10,16,200,20,900,0.64766,0.23718907,23.7189,0.911557,0.19794376,0.892182,hub_bridge_worstcase_reference_for_comparison
MIMIC-IV-CaseStudy,1800000,1800000,Post-filter,hub_bridge_worstcase,high_degree_hub,0.5,strong_hub_bridge_frac0.5_reference,2,10,16,200,20,900,0.712204,0.23329314,23.3293,0.911189,0.18509676,0.875056,hub_bridge_worstcase_reference_for_comparison
MIMIC-IV-CaseStudy,1800000,1800000,Post-filter,hub_bridge_worstcase,high_degree_hub,0.5,strong_hub_bridge_frac0.5_reference,3,10,16,200,20,900,0.68534,0.23785412,23.7854,0.919296,0.19549243,0.879902,hub_bridge_worstcase_reference_for_comparison
MIMIC-IV-CaseStudy,1800000,1800000,Post-filter,hub_bridge_worstcase,high_degree_hub,0.5,strong_hub_bridge_frac0.5_reference,4,10,16,200,20,900,0.692656,0.234483,23.4483,0.91709,0.21307422,0.902369,hub_bridge_worstcase_reference_for_comparison
MIMIC-IV-CaseStudy,1800000,1800000,Post-filter,hub_bridge_worstcase,high_degree_hub,0.5,strong_hub_bridge_frac0.5_reference,5,10,16,200,20,900,0.679983,0.23351778,23.3518,0.922245,0.18877541,0.890352,hub_bridge_worstcase_reference_for_comparison
MIMIC-IV-CaseStudy,1800000,1800000,Post-filter,hub_bridge_worstcase,high_degree_hub,0.5,strong_hub_bridge_frac0.5_reference,6,10,16,200,20,900,0.66194,0.24231611,24.2316,0.914862,0.21540385,0.927364,hub_bridge_worstcase_reference_for_comparison
MIMIC-IV-CaseStudy,1800000,1800000,Post-filter,hub_bridge_worstcase,high_degree_hub,0.5,strong_hub_bridge_frac0.5_reference,7,10,16,200,20,900,0.654973,0.23769565,23.7696,0.92309,0.20422627,0.905729,hub_bridge_worstcase_reference_for_comparison
MIMIC-IV-CaseStudy,1800000,1800000,Post-filter,hub_bridge_worstcase,high_degree_hub,0.5,strong_hub_bridge_frac0.5_reference,8,10,16,200,20,900,0.714921,0.23789548,23.7895,0.919035,0.19687368,0.894918,hub_bridge_worstcase_reference_for_comparison
MIMIC-IV-CaseStudy,1800000,1800000,Post-filter,hub_bridge_worstcase,high_degree_hub,0.5,strong_hub_bridge_frac0.5_reference,9,10,16,200,20,900,0.719617,0.23742258,23.7423,0.919365,0.19629288,0.886959,hub_bridge_worstcase_reference_for_comparison
MIMIC-IV-CaseStudy,1800000,1800000,Post-filter,hub_bridge_worstcase,high_betweenness_bridge,0.5,strong_hub_bridge_frac0.5_reference,0,10,16,200,20,900,0.695365,0.2509851,25.0985,0.916781,0.19964925,0.909983,hub_bridge_worstcase_reference_for_comparison
MIMIC-IV-CaseStudy,1800000,1800000,Post-filter,hub_bridge_worstcase,high_betweenness_bridge,0.5,strong_hub_bridge_frac0.5_reference,1,10,16,200,20,900,0.734886,0.2445217,24.4522,0.923866,0.20134768,0.908415,hub_bridge_worstcase_reference_for_comparison
MIMIC-IV-CaseStudy,1800000,1800000,Post-filter,hub_bridge_worstcase,high_betweenness_bridge,0.5,strong_hub_bridge_frac0.5_reference,2,10,16,200,20,900,0.644531,0.24536714,24.5367,0.918398,0.1935101,0.894676,hub_bridge_worstcase_reference_for_comparison
MIMIC-IV-CaseStudy,1800000,1800000,Post-filter,hub_bridge_worstcase,high_betweenness_bridge,0.5,strong_hub_bridge_frac0.5_reference,3,10,16,200,20,900,0.652182,0.2487962,24.8796,0.91532,0.20423653,0.926964,hub_bridge_worstcase_reference_for_comparison
MIMIC-IV-CaseStudy,1800000,1800000,Post-filter,hub_bridge_worstcase,high_betweenness_bridge,0.5,strong_hub_bridge_frac0.5_reference,4,10,16,200,20,900,0.661684,0.25026244,25.0262,0.916705,0.21320228,0.901174,hub_bridge_worstcase_reference_for_comparison
MIMIC-IV-CaseStudy,1800000,1800000,Post-filter,hub_bridge_worstcase,high_betweenness_bridge,0.5,strong_hub_bridge_frac0.5_reference,5,10,16,200,20,900,0.725468,0.25092255,25.0923,0.921499,0.19736614,0.892608,hub_bridge_worstcase_reference_for_comparison
MIMIC-IV-CaseStudy,1800000,1800000,Post-filter,hub_bridge_worstcase,high_betweenness_bridge,0.5,strong_hub_bridge_frac0.5_reference,6,10,16,200,20,900,0.700887,0.2299583,22.9958,0.922794,0.19889868,0.885121,hub_bridge_worstcase_reference_for_comparison
MIMIC-IV-CaseStudy,1800000,1800000,Post-filter,hub_bridge_worstcase,high_betweenness_bridge,0.5,strong_hub_bridge_frac0.5_reference,7,10,16,200,20,900,0.668745,0.24557328,24.5573,0.919017,0.20891419,0.881112,hub_bridge_worstcase_reference_for_comparison
MIMIC-IV-CaseStudy,1800000,1800000,Post-filter,hub_bridge_worstcase,high_betweenness_bridge,0.5,strong_hub_bridge_frac0.5_reference,8,10,16,200,20,900,0.713966,0.25081219,25.0812,0.91576,0.21482364,0.895618,hub_bridge_worstcase_reference_for_comparison
MIMIC-IV-CaseStudy,1800000,1800000,Post-filter,hub_bridge_worstcase,high_betweenness_bridge,0.5,strong_hub_bridge_frac0.5_reference,9,10,16,200,20,900,0.700397,0.2512011,25.1201,0.916229,0.21795975,0.912073,hub_bridge_worstcase_reference_for_comparison
MIMIC-IV-CaseStudy,1800000,1800000,Lethe,hub_bridge_worstcase,high_degree_hub,0.5,strong_hub_bridge_frac0.5_reference,0,10,16,200,20,900,0.627131,0.0103942,1.0394,0.975604,0.0,0.507446,hub_bridge_worstcase_reference_for_comparison
MIMIC-IV-CaseStudy,1800000,1800000,Lethe,hub_bridge_worstcase,high_degree_hub,0.5,strong_hub_bridge_frac0.5_reference,1,10,16,200,20,900,0.645799,0.00649047,0.649,0.978323,0.0,0.500951,hub_bridge_worstcase_reference_for_comparison
MIMIC-IV-CaseStudy,1800000,1800000,Lethe,hub_bridge_worstcase,high_degree_hub,0.5,strong_hub_bridge_frac0.5_reference,2,10,16,200,20,900,0.679682,0.01081742,1.0817,0.979924,0.0,0.507903,hub_bridge_worstcase_reference_for_comparison
MIMIC-IV-CaseStudy,1800000,1800000,Lethe,hub_bridge_worstcase,high_degree_hub,0.5,strong_hub_bridge_frac0.5_reference,3,10,16,200,20,900,0.69413,0.01005447,1.0054,0.978039,0.0,0.499216,hub_bridge_worstcase_reference_for_comparison
MIMIC-IV-CaseStudy,1800000,1800000,Lethe,hub_bridge_worstcase,high_degree_hub,0.5,strong_hub_bridge_frac0.5_reference,4,10,16,200,20,900,0.689632,0.01172941,1.1729,0.980602,0.0,0.496982,hub_bridge_worstcase_reference_for_comparison
MIMIC-IV-CaseStudy,1800000,1800000,Lethe,hub_bridge_worstcase,high_degree_hub,0.5,strong_hub_bridge_frac0.5_reference,5,10,16,200,20,900,0.618668,0.0108917,1.0892,0.978119,0.0,0.503448,hub_bridge_worstcase_reference_for_comparison
MIMIC-IV-CaseStudy,1800000,1800000,Lethe,hub_bridge_worstcase,high_degree_hub,0.5,strong_hub_bridge_frac0.5_reference,6,10,16,200,20,900,0.690559,0.00963749,0.9637,0.977099,0.0,0.500736,hub_bridge_worstcase_reference_for_comparison
MIMIC-IV-CaseStudy,1800000,1800000,Lethe,hub_bridge_worstcase,high_degree_hub,0.5,strong_hub_bridge_frac0.5_reference,7,10,16,200,20,900,0.657274,0.01018171,1.0182,0.979559,0.0,0.499263,hub_bridge_worstcase_reference_for_comparison
MIMIC-IV-CaseStudy,1800000,1800000,Lethe,hub_bridge_worstcase,high_degree_hub,0.5,strong_hub_bridge_frac0.5_reference,8,10,16,200,20,900,0.634854,0.01080081,1.0801,0.981609,0.0,0.500699,hub_bridge_worstcase_reference_for_comparison
MIMIC-IV-CaseStudy,1800000,1800000,Lethe,hub_bridge_worstcase,high_degree_hub,0.5,strong_hub_bridge_frac0.5_reference,9,10,16,200,20,900,0.658849,0.01100231,1.1002,0.979093,0.0,0.508022,hub_bridge_worstcase_reference_for_comparison
MIMIC-IV-CaseStudy,1800000,1800000,Lethe,hub_bridge_worstcase,high_betweenness_bridge,0.5,strong_hub_bridge_frac0.5_reference,0,10,16,200,20,900,0.686797,0.01094856,1.0949,0.979949,0.0,0.501438,hub_bridge_worstcase_reference_for_comparison
MIMIC-IV-CaseStudy,1800000,1800000,Lethe,hub_bridge_worstcase,high_betweenness_bridge,0.5,strong_hub_bridge_frac0.5_reference,1,10,16,200,20,900,0.656178,0.00963962,0.964,0.976308,0.0,0.503155,hub_bridge_worstcase_reference_for_comparison
MIMIC-IV-CaseStudy,1800000,1800000,Lethe,hub_bridge_worstcase,high_betweenness_bridge,0.5,strong_hub_bridge_frac0.5_reference,2,10,16,200,20,900,0.613205,0.01276439,1.2764,0.978553,0.0,0.504319,hub_bridge_worstcase_reference_for_comparison
MIMIC-IV-CaseStudy,1800000,1800000,Lethe,hub_bridge_worstcase,high_betweenness_bridge,0.5,strong_hub_bridge_frac0.5_reference,3,10,16,200,20,900,0.671495,0.00966523,0.9665,0.980723,0.0,0.498831,hub_bridge_worstcase_reference_for_comparison
MIMIC-IV-CaseStudy,1800000,1800000,Lethe,hub_bridge_worstcase,high_betweenness_bridge,0.5,strong_hub_bridge_frac0.5_reference,4,10,16,200,20,900,0.694983,0.01048855,1.0489,0.978915,0.0,0.507348,hub_bridge_worstcase_reference_for_comparison
MIMIC-IV-CaseStudy,1800000,1800000,Lethe,hub_bridge_worstcase,high_betweenness_bridge,0.5,strong_hub_bridge_frac0.5_reference,5,10,16,200,20,900,0.682907,0.01033983,1.034,0.979789,0.0,0.507703,hub_bridge_worstcase_reference_for_comparison
MIMIC-IV-CaseStudy,1800000,1800000,Lethe,hub_bridge_worstcase,high_betweenness_bridge,0.5,strong_hub_bridge_frac0.5_reference,6,10,16,200,20,900,0.646705,0.01236624,1.2366,0.978317,0.0,0.50087,hub_bridge_worstcase_reference_for_comparison
MIMIC-IV-CaseStudy,1800000,1800000,Lethe,hub_bridge_worstcase,high_betweenness_bridge,0.5,strong_hub_bridge_frac0.5_reference,7,10,16,200,20,900,0.680784,0.01368862,1.3689,0.976484,0.0,0.50505,hub_bridge_worstcase_reference_for_comparison
MIMIC-IV-CaseStudy,1800000,1800000,Lethe,hub_bridge_worstcase,high_betweenness_bridge,0.5,strong_hub_bridge_frac0.5_reference,8,10,16,200,20,900,0.64794,0.01070801,1.0708,0.979181,0.0,0.505287,hub_bridge_worstcase_reference_for_comparison
MIMIC-IV-CaseStudy,1800000,1800000,Lethe,hub_bridge_worstcase,high_betweenness_bridge,0.5,strong_hub_bridge_frac0.5_reference,9,10,16,200,20,900,0.65917,0.01159096,1.1591,0.976483,0.0,0.504777,hub_bridge_worstcase_reference_for_comparison
MS-MARCO-RBAC,8000000,8000000,Tombstone,hub_bridge_worstcase,high_degree_hub,0.5,strong_hub_bridge_frac0.5_reference,0,10,16,200,20,4000,0.682694,0.23151846,23.1518,0.92075,0.19907897,0.893517,hub_bridge_worstcase_reference_for_comparison
MS-MARCO-RBAC,8000000,8000000,Tombstone,hub_bridge_worstcase,high_degree_hub,0.5,strong_hub_bridge_frac0.5_reference,1,10,16,200,20,4000,0.686287,0.22643678,22.6437,0.92313,0.17102442,0.900217,hub_bridge_worstcase_reference_for_comparison
MS-MARCO-RBAC,8000000,8000000,Tombstone,hub_bridge_worstcase,high_degree_hub,0.5,strong_hub_bridge_frac0.5_reference,2,10,16,200,20,4000,0.726929,0.23570153,23.5702,0.917271,0.19725689,0.891696,hub_bridge_worstcase_reference_for_comparison
MS-MARCO-RBAC,8000000,8000000,Tombstone,hub_bridge_worstcase,high_degree_hub,0.5,strong_hub_bridge_frac0.5_reference,3,10,16,200,20,4000,0.655698,0.22375882,22.3759,0.921425,0.19493667,0.897059,hub_bridge_worstcase_reference_for_comparison
MS-MARCO-RBAC,8000000,8000000,Tombstone,hub_bridge_worstcase,high_degree_hub,0.5,strong_hub_bridge_frac0.5_reference,4,10,16,200,20,4000,0.684479,0.23759345,23.7593,0.916767,0.20483521,0.914648,hub_bridge_worstcase_reference_for_comparison
MS-MARCO-RBAC,8000000,8000000,Tombstone,hub_bridge_worstcase,high_degree_hub,0.5,strong_hub_bridge_frac0.5_reference,5,10,16,200,20,4000,0.664156,0.21605747,21.6057,0.91361,0.18408756,0.872716,hub_bridge_worstcase_reference_for_comparison
MS-MARCO-RBAC,8000000,8000000,Tombstone,hub_bridge_worstcase,high_degree_hub,0.5,strong_hub_bridge_frac0.5_reference,6,10,16,200,20,4000,0.699048,0.23620357,23.6204,0.920789,0.20818064,0.902399,hub_bridge_worstcase_reference_for_comparison
MS-MARCO-RBAC,8000000,8000000,Tombstone,hub_bridge_worstcase,high_degree_hub,0.5,strong_hub_bridge_frac0.5_reference,7,10,16,200,20,4000,0.68112,0.23391281,23.3913,0.919964,0.1809224,0.887501,hub_bridge_worstcase_reference_for_comparison
MS-MARCO-RBAC,8000000,8000000,Tombstone,hub_bridge_worstcase,high_degree_hub,0.5,strong_hub_bridge_frac0.5_reference,8,10,16,200,20,4000,0.684844,0.2303536,23.0354,0.917716,0.18233798,0.895411,hub_bridge_worstcase_reference_for_comparison
MS-MARCO-RBAC,8000000,8000000,Tombstone,hub_bridge_worstcase,high_degree_hub,0.5,strong_hub_bridge_frac0.5_reference,9,10,16,200,20,4000,0.665911,0.23566351,23.5664,0.917688,0.21892991,0.902336,hub_bridge_worstcase_reference_for_comparison
MS-MARCO-RBAC,8000000,8000000,Tombstone,hub_bridge_worstcase,high_betweenness_bridge,0.5,strong_hub_bridge_frac0.5_reference,0,10,16,200,20,4000,0.643096,0.24704625,24.7046,0.912003,0.18750833,0.917129,hub_bridge_worstcase_reference_for_comparison
MS-MARCO-RBAC,8000000,8000000,Tombstone,hub_bridge_worstcase,high_betweenness_bridge,0.5,strong_hub_bridge_frac0.5_reference,1,10,16,200,20,4000,0.72876,0.24313915,24.3139,0.915109,0.18413309,0.902224,hub_bridge_worstcase_reference_for_comparison
MS-MARCO-RBAC,8000000,8000000,Tombstone,hub_bridge_worstcase,high_betweenness_bridge,0.5,strong_hub_bridge_frac0.5_reference,2,10,16,200,20,4000,0.682099,0.24235077,24.2351,0.911045,0.21087743,0.889381,hub_bridge_worstcase_reference_for_comparison
MS-MARCO-RBAC,8000000,8000000,Tombstone,hub_bridge_worstcase,high_betweenness_bridge,0.5,strong_hub_bridge_frac0.5_reference,3,10,16,200,20,4000,0.662057,0.24735849,24.7358,0.913637,0.19999218,0.882632,hub_bridge_worstcase_reference_for_comparison
MS-MARCO-RBAC,8000000,8000000,Tombstone,hub_bridge_worstcase,high_betweenness_bridge,0.5,strong_hub_bridge_frac0.5_reference,4,10,16,200,20,4000,0.659519,0.23498576,23.4986,0.919836,0.18673467,0.91428,hub_bridge_worstcase_reference_for_comparison
MS-MARCO-RBAC,8000000,8000000,Tombstone,hub_bridge_worstcase,high_betweenness_bridge,0.5,strong_hub_bridge_frac0.5_reference,5,10,16,200,20,4000,0.647665,0.24775635,24.7756,0.916566,0.19920933,0.880662,hub_bridge_worstcase_reference_for_comparison
MS-MARCO-RBAC,8000000,8000000,Tombstone,hub_bridge_worstcase,high_betweenness_bridge,0.5,strong_hub_bridge_frac0.5_reference,6,10,16,200,20,4000,0.688107,0.24574573,24.5746,0.926181,0.19895398,0.888165,hub_bridge_worstcase_reference_for_comparison
MS-MARCO-RBAC,8000000,8000000,Tombstone,hub_bridge_worstcase,high_betweenness_bridge,0.5,strong_hub_bridge_frac0.5_reference,7,10,16,200,20,4000,0.697002,0.25294591,25.2946,0.910761,0.21097244,0.908439,hub_bridge_worstcase_reference_for_comparison
MS-MARCO-RBAC,8000000,8000000,Tombstone,hub_bridge_worstcase,high_betweenness_bridge,0.5,strong_hub_bridge_frac0.5_reference,8,10,16,200,20,4000,0.653925,0.2384325,23.8432,0.926704,0.19642133,0.890046,hub_bridge_worstcase_reference_for_comparison
MS-MARCO-RBAC,8000000,8000000,Tombstone,hub_bridge_worstcase,high_betweenness_bridge,0.5,strong_hub_bridge_frac0.5_reference,9,10,16,200,20,4000,0.705623,0.25163909,25.1639,0.918204,0.21581948,0.904085,hub_bridge_worstcase_reference_for_comparison
MS-MARCO-RBAC,8000000,8000000,Post-filter,hub_bridge_worstcase,high_degree_hub,0.5,strong_hub_bridge_frac0.5_reference,0,10,16,200,20,4000,0.645665,0.24831257,24.8313,0.920141,0.21458527,0.892008,hub_bridge_worstcase_reference_for_comparison
MS-MARCO-RBAC,8000000,8000000,Post-filter,hub_bridge_worstcase,high_degree_hub,0.5,strong_hub_bridge_frac0.5_reference,1,10,16,200,20,4000,0.665835,0.23446124,23.4461,0.92303,0.18969279,0.892937,hub_bridge_worstcase_reference_for_comparison
MS-MARCO-RBAC,8000000,8000000,Post-filter,hub_bridge_worstcase,high_degree_hub,0.5,strong_hub_bridge_frac0.5_reference,2,10,16,200,20,4000,0.681949,0.24801117,24.8011,0.921929,0.19169029,0.894227,hub_bridge_worstcase_reference_for_comparison
MS-MARCO-RBAC,8000000,8000000,Post-filter,hub_bridge_worstcase,high_degree_hub,0.5,strong_hub_bridge_frac0.5_reference,3,10,16,200,20,4000,0.694538,0.2245768,22.4577,0.920568,0.18589348,0.882315,hub_bridge_worstcase_reference_for_comparison
MS-MARCO-RBAC,8000000,8000000,Post-filter,hub_bridge_worstcase,high_degree_hub,0.5,strong_hub_bridge_frac0.5_reference,4,10,16,200,20,4000,0.69361,0.23443725,23.4437,0.91613,0.19306486,0.885278,hub_bridge_worstcase_reference_for_comparison
MS-MARCO-RBAC,8000000,8000000,Post-filter,hub_bridge_worstcase,high_degree_hub,0.5,strong_hub_bridge_frac0.5_reference,5,10,16,200,20,4000,0.676555,0.24069665,24.0697,0.91533,0.18461506,0.900963,hub_bridge_worstcase_reference_for_comparison
MS-MARCO-RBAC,8000000,8000000,Post-filter,hub_bridge_worstcase,high_degree_hub,0.5,strong_hub_bridge_frac0.5_reference,6,10,16,200,20,4000,0.748394,0.2231972,22.3197,0.919603,0.16438097,0.884717,hub_bridge_worstcase_reference_for_comparison
MS-MARCO-RBAC,8000000,8000000,Post-filter,hub_bridge_worstcase,high_degree_hub,0.5,strong_hub_bridge_frac0.5_reference,7,10,16,200,20,4000,0.64494,0.24200022,24.2,0.917598,0.18468457,0.895017,hub_bridge_worstcase_reference_for_comparison
MS-MARCO-RBAC,8000000,8000000,Post-filter,hub_bridge_worstcase,high_degree_hub,0.5,strong_hub_bridge_frac0.5_reference,8,10,16,200,20,4000,0.709753,0.24682376,24.6824,0.913833,0.21806049,0.889215,hub_bridge_worstcase_reference_for_comparison
MS-MARCO-RBAC,8000000,8000000,Post-filter,hub_bridge_worstcase,high_degree_hub,0.5,strong_hub_bridge_frac0.5_reference,9,10,16,200,20,4000,0.65759,0.24708313,24.7083,0.919267,0.19593035,0.924187,hub_bridge_worstcase_reference_for_comparison
MS-MARCO-RBAC,8000000,8000000,Post-filter,hub_bridge_worstcase,high_betweenness_bridge,0.5,strong_hub_bridge_frac0.5_reference,0,10,16,200,20,4000,0.702318,0.25810294,25.8103,0.918248,0.19428695,0.909913,hub_bridge_worstcase_reference_for_comparison
MS-MARCO-RBAC,8000000,8000000,Post-filter,hub_bridge_worstcase,high_betweenness_bridge,0.5,strong_hub_bridge_frac0.5_reference,1,10,16,200,20,4000,0.675224,0.24020918,24.0209,0.915241,0.20193101,0.910232,hub_bridge_worstcase_reference_for_comparison
MS-MARCO-RBAC,8000000,8000000,Post-filter,hub_bridge_worstcase,high_betweenness_bridge,0.5,strong_hub_bridge_frac0.5_reference,2,10,16,200,20,4000,0.682606,0.24157766,24.1578,0.91515,0.17851046,0.914118,hub_bridge_worstcase_reference_for_comparison
MS-MARCO-RBAC,8000000,8000000,Post-filter,hub_bridge_worstcase,high_betweenness_bridge,0.5,strong_hub_bridge_frac0.5_reference,3,10,16,200,20,4000,0.708302,0.24549495,24.5495,0.91459,0.21422329,0.886064,hub_bridge_worstcase_reference_for_comparison
MS-MARCO-RBAC,8000000,8000000,Post-filter,hub_bridge_worstcase,high_betweenness_bridge,0.5,strong_hub_bridge_frac0.5_reference,4,10,16,200,20,4000,0.662003,0.25656111,25.6561,0.915963,0.2045878,0.908589,hub_bridge_worstcase_reference_for_comparison
MS-MARCO-RBAC,8000000,8000000,Post-filter,hub_bridge_worstcase,high_betweenness_bridge,0.5,strong_hub_bridge_frac0.5_reference,5,10,16,200,20,4000,0.73347,0.25745339,25.7453,0.917871,0.21425093,0.910728,hub_bridge_worstcase_reference_for_comparison
MS-MARCO-RBAC,8000000,8000000,Post-filter,hub_bridge_worstcase,high_betweenness_bridge,0.5,strong_hub_bridge_frac0.5_reference,6,10,16,200,20,4000,0.693118,0.24592355,24.5924,0.928734,0.20353337,0.911444,hub_bridge_worstcase_reference_for_comparison
MS-MARCO-RBAC,8000000,8000000,Post-filter,hub_bridge_worstcase,high_betweenness_bridge,0.5,strong_hub_bridge_frac0.5_reference,7,10,16,200,20,4000,0.707777,0.24381681,24.3817,0.912419,0.19714007,0.897663,hub_bridge_worstcase_reference_for_comparison
MS-MARCO-RBAC,8000000,8000000,Post-filter,hub_bridge_worstcase,high_betweenness_bridge,0.5,strong_hub_bridge_frac0.5_reference,8,10,16,200,20,4000,0.7099,0.25067167,25.0672,0.916601,0.19617063,0.921437,hub_bridge_worstcase_reference_for_comparison
MS-MARCO-RBAC,8000000,8000000,Post-filter,hub_bridge_worstcase,high_betweenness_bridge,0.5,strong_hub_bridge_frac0.5_reference,9,10,16,200,20,4000,0.64358,0.25278874,25.2789,0.912299,0.21632647,0.9243,hub_bridge_worstcase_reference_for_comparison
MS-MARCO-RBAC,8000000,8000000,Lethe,hub_bridge_worstcase,high_degree_hub,0.5,strong_hub_bridge_frac0.5_reference,0,10,16,200,20,4000,0.634118,0.01219234,1.2192,0.977629,0.0,0.502948,hub_bridge_worstcase_reference_for_comparison
MS-MARCO-RBAC,8000000,8000000,Lethe,hub_bridge_worstcase,high_degree_hub,0.5,strong_hub_bridge_frac0.5_reference,1,10,16,200,20,4000,0.689198,0.00729697,0.7297,0.975133,0.0,0.504359,hub_bridge_worstcase_reference_for_comparison
MS-MARCO-RBAC,8000000,8000000,Lethe,hub_bridge_worstcase,high_degree_hub,0.5,strong_hub_bridge_frac0.5_reference,2,10,16,200,20,4000,0.704095,0.00980376,0.9804,0.977556,0.0,0.505329,hub_bridge_worstcase_reference_for_comparison
MS-MARCO-RBAC,8000000,8000000,Lethe,hub_bridge_worstcase,high_degree_hub,0.5,strong_hub_bridge_frac0.5_reference,3,10,16,200,20,4000,0.693694,0.01084754,1.0848,0.975176,0.0,0.505953,hub_bridge_worstcase_reference_for_comparison
MS-MARCO-RBAC,8000000,8000000,Lethe,hub_bridge_worstcase,high_degree_hub,0.5,strong_hub_bridge_frac0.5_reference,4,10,16,200,20,4000,0.630605,0.01007748,1.0077,0.976507,0.0,0.507655,hub_bridge_worstcase_reference_for_comparison
MS-MARCO-RBAC,8000000,8000000,Lethe,hub_bridge_worstcase,high_degree_hub,0.5,strong_hub_bridge_frac0.5_reference,5,10,16,200,20,4000,0.625572,0.01200017,1.2,0.979185,0.0,0.509923,hub_bridge_worstcase_reference_for_comparison
MS-MARCO-RBAC,8000000,8000000,Lethe,hub_bridge_worstcase,high_degree_hub,0.5,strong_hub_bridge_frac0.5_reference,6,10,16,200,20,4000,0.623351,0.01139138,1.1391,0.977666,0.0,0.512194,hub_bridge_worstcase_reference_for_comparison
MS-MARCO-RBAC,8000000,8000000,Lethe,hub_bridge_worstcase,high_degree_hub,0.5,strong_hub_bridge_frac0.5_reference,7,10,16,200,20,4000,0.674523,0.01068697,1.0687,0.977292,0.0,0.502356,hub_bridge_worstcase_reference_for_comparison
MS-MARCO-RBAC,8000000,8000000,Lethe,hub_bridge_worstcase,high_degree_hub,0.5,strong_hub_bridge_frac0.5_reference,8,10,16,200,20,4000,0.658048,0.00896162,0.8962,0.977274,0.0,0.508922,hub_bridge_worstcase_reference_for_comparison
MS-MARCO-RBAC,8000000,8000000,Lethe,hub_bridge_worstcase,high_degree_hub,0.5,strong_hub_bridge_frac0.5_reference,9,10,16,200,20,4000,0.671927,0.00974176,0.9742,0.976918,0.0,0.506699,hub_bridge_worstcase_reference_for_comparison
MS-MARCO-RBAC,8000000,8000000,Lethe,hub_bridge_worstcase,high_betweenness_bridge,0.5,strong_hub_bridge_frac0.5_reference,0,10,16,200,20,4000,0.668121,0.01052265,1.0523,0.979425,0.0,0.506839,hub_bridge_worstcase_reference_for_comparison
MS-MARCO-RBAC,8000000,8000000,Lethe,hub_bridge_worstcase,high_betweenness_bridge,0.5,strong_hub_bridge_frac0.5_reference,1,10,16,200,20,4000,0.642317,0.01171184,1.1712,0.975373,0.0,0.509123,hub_bridge_worstcase_reference_for_comparison
MS-MARCO-RBAC,8000000,8000000,Lethe,hub_bridge_worstcase,high_betweenness_bridge,0.5,strong_hub_bridge_frac0.5_reference,2,10,16,200,20,4000,0.669544,0.01297371,1.2974,0.973427,0.0,0.503495,hub_bridge_worstcase_reference_for_comparison
MS-MARCO-RBAC,8000000,8000000,Lethe,hub_bridge_worstcase,high_betweenness_bridge,0.5,strong_hub_bridge_frac0.5_reference,3,10,16,200,20,4000,0.675597,0.01158544,1.1585,0.978963,0.0,0.507338,hub_bridge_worstcase_reference_for_comparison
MS-MARCO-RBAC,8000000,8000000,Lethe,hub_bridge_worstcase,high_betweenness_bridge,0.5,strong_hub_bridge_frac0.5_reference,4,10,16,200,20,4000,0.673045,0.01058413,1.0584,0.977243,0.0,0.502655,hub_bridge_worstcase_reference_for_comparison
MS-MARCO-RBAC,8000000,8000000,Lethe,hub_bridge_worstcase,high_betweenness_bridge,0.5,strong_hub_bridge_frac0.5_reference,5,10,16,200,20,4000,0.641593,0.00985635,0.9856,0.974183,0.0,0.509943,hub_bridge_worstcase_reference_for_comparison
MS-MARCO-RBAC,8000000,8000000,Lethe,hub_bridge_worstcase,high_betweenness_bridge,0.5,strong_hub_bridge_frac0.5_reference,6,10,16,200,20,4000,0.665549,0.01086422,1.0864,0.975067,0.0,0.498796,hub_bridge_worstcase_reference_for_comparison
MS-MARCO-RBAC,8000000,8000000,Lethe,hub_bridge_worstcase,high_betweenness_bridge,0.5,strong_hub_bridge_frac0.5_reference,7,10,16,200,20,4000,0.690847,0.01066738,1.0667,0.981622,0.0,0.503216,hub_bridge_worstcase_reference_for_comparison
MS-MARCO-RBAC,8000000,8000000,Lethe,hub_bridge_worstcase,high_betweenness_bridge,0.5,strong_hub_bridge_frac0.5_reference,8,10,16,200,20,4000,0.627935,0.01119262,1.1193,0.980247,0.0,0.498325,hub_bridge_worstcase_reference_for_comparison
MS-MARCO-RBAC,8000000,8000000,Lethe,hub_bridge_worstcase,high_betweenness_bridge,0.5,strong_hub_bridge_frac0.5_reference,9,10,16,200,20,4000,0.657291,0.01334167,1.3342,0.977135,0.0,0.510904,hub_bridge_worstcase_reference_for_comparison
