dataset,N,N_indexed,roles,users,shared_fraction,exception_rate,base_graph_bytes,vector_store_bytes,predicate_table_bytes,exception_bitmap_bytes,reverse_adjacency_bytes,bypass_overlay_bytes,key_metadata_bytes,audit_log_metadata_bytes,alignment_padding_bytes,total_lethe_bytes,per_role_index_bytes,per_user_index_bytes,memory_ratio_vs_shared,memory_ratio_vs_per_role,memory_ratio_vs_per_user
LegalBench-RAG,1200000,1200000,50,10000,0.2,0.01,7124582400,4987207680,57215367,16386539,1310923161,122257833,21373747,7409565,17378678,8677527290,270734131200,62696325120000,1.0,0.03205184,0.0001384057
LegalBench-RAG,1200000,1200000,50,10000,0.2,0.1,7124582400,4987207680,61062642,35622912,1310923161,132517232,21373747,9974415,20046122,8716102631,270734131200,62696325120000,1.0,0.03219433,0.0001390209
LegalBench-RAG,1200000,1200000,50,10000,0.2,0.5,7124582400,4987207680,78161640,121117900,1310923161,178114560,21373747,21373747,31901427,8887548582,270734131200,62696325120000,1.0,0.03282759,0.0001417555
LegalBench-RAG,1200000,1200000,50,10000,0.5,0.01,7124582400,4987207680,57215367,16386539,1353670656,198775848,21373747,7409565,23500120,8802914242,292107878400,62696325120000,1.0,0.03013583,0.0001404056
LegalBench-RAG,1200000,1200000,50,10000,0.5,0.1,7124582400,4987207680,61062642,35622912,1353670656,224424345,21373747,9974415,27398691,8858109808,292107878400,62696325120000,1.0,0.03032479,0.0001412859
LegalBench-RAG,1200000,1200000,50,10000,0.5,0.5,7124582400,4987207680,78161640,121117900,1353670656,338417664,21373747,21373747,44725676,9103423430,292107878400,62696325120000,1.0,0.03116459,0.0001451987
LegalBench-RAG,1200000,1200000,50,10000,0.8,0.01,7124582400,4987207680,57215367,16386539,1396418150,275293863,21373747,7409565,29621561,8928301192,313481625600,62696325120000,1.0,0.0284811,0.0001424055
LegalBench-RAG,1200000,1200000,50,10000,0.8,0.1,7124582400,4987207680,61062642,35622912,1396418150,316331458,21373747,9974415,34751260,9000116984,313481625600,62696325120000,1.0,0.02871019,0.0001435509
LegalBench-RAG,1200000,1200000,50,10000,0.8,0.5,7124582400,4987207680,78161640,121117900,1396418150,498720768,21373747,21373747,57549924,9319298276,313481625600,62696325120000,1.0,0.02972837,0.0001486419
LegalBench-RAG,1200000,1200000,50,10000,0.95,0.01,7124582400,4987207680,57215367,16386539,1417791897,313552871,21373747,7409565,32682281,8990994667,324168499200,62696325120000,1.0,0.02773556,0.0001434054
LegalBench-RAG,1200000,1200000,50,10000,0.95,0.1,7124582400,4987207680,61062642,35622912,1417791897,362285015,21373747,9974415,38427545,9071120573,324168499200,62696325120000,1.0,0.02798273,0.0001446834
LegalBench-RAG,1200000,1200000,50,10000,0.95,0.5,7124582400,4987207680,78161640,121117900,1417791897,578872320,21373747,21373747,63962048,9427235699,324168499200,62696325120000,1.0,0.02908128,0.0001503634
LegalBench-RAG,1200000,1200000,50,100000,0.2,0.01,7124582400,4987207680,57215367,16386539,1310923161,122257833,21373747,7409565,17378678,8677527290,270734131200,626963251200000,1.0,0.03205184,1.38406e-05
LegalBench-RAG,1200000,1200000,50,100000,0.2,0.1,7124582400,4987207680,61062642,35622912,1310923161,132517232,21373747,9974415,20046122,8716102631,270734131200,626963251200000,1.0,0.03219433,1.39021e-05
LegalBench-RAG,1200000,1200000,50,100000,0.2,0.5,7124582400,4987207680,78161640,121117900,1310923161,178114560,21373747,21373747,31901427,8887548582,270734131200,626963251200000,1.0,0.03282759,1.41755e-05
LegalBench-RAG,1200000,1200000,50,100000,0.5,0.01,7124582400,4987207680,57215367,16386539,1353670656,198775848,21373747,7409565,23500120,8802914242,292107878400,626963251200000,1.0,0.03013583,1.40406e-05
LegalBench-RAG,1200000,1200000,50,100000,0.5,0.1,7124582400,4987207680,61062642,35622912,1353670656,224424345,21373747,9974415,27398691,8858109808,292107878400,626963251200000,1.0,0.03032479,1.41286e-05
LegalBench-RAG,1200000,1200000,50,100000,0.5,0.5,7124582400,4987207680,78161640,121117900,1353670656,338417664,21373747,21373747,44725676,9103423430,292107878400,626963251200000,1.0,0.03116459,1.45199e-05
LegalBench-RAG,1200000,1200000,50,100000,0.8,0.01,7124582400,4987207680,57215367,16386539,1396418150,275293863,21373747,7409565,29621561,8928301192,313481625600,626963251200000,1.0,0.0284811,1.42405e-05
LegalBench-RAG,1200000,1200000,50,100000,0.8,0.1,7124582400,4987207680,61062642,35622912,1396418150,316331458,21373747,9974415,34751260,9000116984,313481625600,626963251200000,1.0,0.02871019,1.43551e-05
LegalBench-RAG,1200000,1200000,50,100000,0.8,0.5,7124582400,4987207680,78161640,121117900,1396418150,498720768,21373747,21373747,57549924,9319298276,313481625600,626963251200000,1.0,0.02972837,1.48642e-05
LegalBench-RAG,1200000,1200000,50,100000,0.95,0.01,7124582400,4987207680,57215367,16386539,1417791897,313552871,21373747,7409565,32682281,8990994667,324168499200,626963251200000,1.0,0.02773556,1.43405e-05
LegalBench-RAG,1200000,1200000,50,100000,0.95,0.1,7124582400,4987207680,61062642,35622912,1417791897,362285015,21373747,9974415,38427545,9071120573,324168499200,626963251200000,1.0,0.02798273,1.44683e-05
LegalBench-RAG,1200000,1200000,50,100000,0.95,0.5,7124582400,4987207680,78161640,121117900,1417791897,578872320,21373747,21373747,63962048,9427235699,324168499200,626963251200000,1.0,0.02908128,1.50363e-05
LegalBench-RAG,1200000,1200000,100,10000,0.2,0.01,7124582400,4987207680,62131687,16386539,1310923161,122257833,21373747,7409565,17771984,8682836916,541468262400,62696325120000,1.0,0.01603573,0.0001384904
LegalBench-RAG,1200000,1200000,100,10000,0.2,0.1,7124582400,4987207680,65978962,35622912,1310923161,132517232,21373747,9974415,20439428,8721412257,541468262400,62696325120000,1.0,0.01610697,0.0001391056
LegalBench-RAG,1200000,1200000,100,10000,0.2,0.5,7124582400,4987207680,83077960,121117900,1310923161,178114560,21373747,21373747,32294733,8892858208,541468262400,62696325120000,1.0,0.0164236,0.0001418402
LegalBench-RAG,1200000,1200000,100,10000,0.5,0.01,7124582400,4987207680,62131687,16386539,1353670656,198775848,21373747,7409565,23893425,8808223867,584215756800,62696325120000,1.0,0.015077,0.0001404903
LegalBench-RAG,1200000,1200000,100,10000,0.5,0.1,7124582400,4987207680,65978962,35622912,1353670656,224424345,21373747,9974415,27791997,8863419434,584215756800,62696325120000,1.0,0.01517148,0.0001413706
LegalBench-RAG,1200000,1200000,100,10000,0.5,0.5,7124582400,4987207680,83077960,121117900,1353670656,338417664,21373747,21373747,45118981,9108733055,584215756800,62696325120000,1.0,0.01559139,0.0001452834
LegalBench-RAG,1200000,1200000,100,10000,0.8,0.01,7124582400,4987207680,62131687,16386539,1396418150,275293863,21373747,7409565,30014866,8933610817,626963251200,62696325120000,1.0,0.01424902,0.0001424902
LegalBench-RAG,1200000,1200000,100,10000,0.8,0.1,7124582400,4987207680,65978962,35622912,1396418150,316331458,21373747,9974415,35144566,9005426610,626963251200,62696325120000,1.0,0.01436356,0.0001436356
LegalBench-RAG,1200000,1200000,100,10000,0.8,0.5,7124582400,4987207680,83077960,121117900,1396418150,498720768,21373747,21373747,57943230,9324607902,626963251200,62696325120000,1.0,0.01487265,0.0001487265
LegalBench-RAG,1200000,1200000,100,10000,0.95,0.01,7124582400,4987207680,62131687,16386539,1417791897,313552871,21373747,7409565,33075587,8996304293,648336998400,62696325120000,1.0,0.01387597,0.0001434901
LegalBench-RAG,1200000,1200000,100,10000,0.95,0.1,7124582400,4987207680,65978962,35622912,1417791897,362285015,21373747,9974415,38820850,9076430198,648336998400,62696325120000,1.0,0.01399956,0.0001447681
LegalBench-RAG,1200000,1200000,100,10000,0.95,0.5,7124582400,4987207680,83077960,121117900,1417791897,578872320,21373747,21373747,64355354,9432545325,648336998400,62696325120000,1.0,0.01454883,0.0001504481
LegalBench-RAG,1200000,1200000,100,100000,0.2,0.01,7124582400,4987207680,62131687,16386539,1310923161,122257833,21373747,7409565,17771984,8682836916,541468262400,626963251200000,1.0,0.01603573,1.3849e-05
LegalBench-RAG,1200000,1200000,100,100000,0.2,0.1,7124582400,4987207680,65978962,35622912,1310923161,132517232,21373747,9974415,20439428,8721412257,541468262400,626963251200000,1.0,0.01610697,1.39106e-05
LegalBench-RAG,1200000,1200000,100,100000,0.2,0.5,7124582400,4987207680,83077960,121117900,1310923161,178114560,21373747,21373747,32294733,8892858208,541468262400,626963251200000,1.0,0.0164236,1.4184e-05
LegalBench-RAG,1200000,1200000,100,100000,0.5,0.01,7124582400,4987207680,62131687,16386539,1353670656,198775848,21373747,7409565,23893425,8808223867,584215756800,626963251200000,1.0,0.015077,1.4049e-05
LegalBench-RAG,1200000,1200000,100,100000,0.5,0.1,7124582400,4987207680,65978962,35622912,1353670656,224424345,21373747,9974415,27791997,8863419434,584215756800,626963251200000,1.0,0.01517148,1.41371e-05
LegalBench-RAG,1200000,1200000,100,100000,0.5,0.5,7124582400,4987207680,83077960,121117900,1353670656,338417664,21373747,21373747,45118981,9108733055,584215756800,626963251200000,1.0,0.01559139,1.45283e-05
LegalBench-RAG,1200000,1200000,100,100000,0.8,0.01,7124582400,4987207680,62131687,16386539,1396418150,275293863,21373747,7409565,30014866,8933610817,626963251200,626963251200000,1.0,0.01424902,1.4249e-05
LegalBench-RAG,1200000,1200000,100,100000,0.8,0.1,7124582400,4987207680,65978962,35622912,1396418150,316331458,21373747,9974415,35144566,9005426610,626963251200,626963251200000,1.0,0.01436356,1.43636e-05
LegalBench-RAG,1200000,1200000,100,100000,0.8,0.5,7124582400,4987207680,83077960,121117900,1396418150,498720768,21373747,21373747,57943230,9324607902,626963251200,626963251200000,1.0,0.01487265,1.48727e-05
LegalBench-RAG,1200000,1200000,100,100000,0.95,0.01,7124582400,4987207680,62131687,16386539,1417791897,313552871,21373747,7409565,33075587,8996304293,648336998400,626963251200000,1.0,0.01387597,1.4349e-05
LegalBench-RAG,1200000,1200000,100,100000,0.95,0.1,7124582400,4987207680,65978962,35622912,1417791897,362285015,21373747,9974415,38820850,9076430198,648336998400,626963251200000,1.0,0.01399956,1.44768e-05
LegalBench-RAG,1200000,1200000,100,100000,0.95,0.5,7124582400,4987207680,83077960,121117900,1417791897,578872320,21373747,21373747,64355354,9432545325,648336998400,626963251200000,1.0,0.01454883,1.50448e-05
LegalBench-RAG,1200000,1200000,500,10000,0.2,0.01,7124582400,4987207680,73654408,16386539,1310923161,122257833,21373747,7409565,18693802,8695281455,2707341312000,62696325120000,1.0,0.00321174,0.0001386889
LegalBench-RAG,1200000,1200000,500,10000,0.2,0.1,7124582400,4987207680,77501682,35622912,1310923161,132517232,21373747,9974415,21361245,8733856794,2707341312000,62696325120000,1.0,0.00322599,0.0001393041
LegalBench-RAG,1200000,1200000,500,10000,0.2,0.5,7124582400,4987207680,94600680,121117900,1310923161,178114560,21373747,21373747,33216550,8905302745,2707341312000,62696325120000,1.0,0.00328932,0.0001420387
LegalBench-RAG,1200000,1200000,500,10000,0.5,0.01,7124582400,4987207680,73654408,16386539,1353670656,198775848,21373747,7409565,24815243,8820668406,2921078784000,62696325120000,1.0,0.00301966,0.0001406888
LegalBench-RAG,1200000,1200000,500,10000,0.5,0.1,7124582400,4987207680,77501682,35622912,1353670656,224424345,21373747,9974415,28713814,8875863971,2921078784000,62696325120000,1.0,0.00303856,0.0001415691
LegalBench-RAG,1200000,1200000,500,10000,0.5,0.5,7124582400,4987207680,94600680,121117900,1353670656,338417664,21373747,21373747,46040799,9121177593,2921078784000,62696325120000,1.0,0.00312254,0.0001454819
LegalBench-RAG,1200000,1200000,500,10000,0.8,0.01,7124582400,4987207680,73654408,16386539,1396418150,275293863,21373747,7409565,30936684,8946055356,3134816256000,62696325120000,1.0,0.00285377,0.0001426887
LegalBench-RAG,1200000,1200000,500,10000,0.8,0.1,7124582400,4987207680,77501682,35622912,1396418150,316331458,21373747,9974415,36066383,9017871147,3134816256000,62696325120000,1.0,0.00287668,0.0001438341
LegalBench-RAG,1200000,1200000,500,10000,0.8,0.5,7124582400,4987207680,94600680,121117900,1396418150,498720768,21373747,21373747,58865047,9337052439,3134816256000,62696325120000,1.0,0.0029785,0.000148925
LegalBench-RAG,1200000,1200000,500,10000,0.95,0.01,7124582400,4987207680,73654408,16386539,1417791897,313552871,21373747,7409565,33997405,9008748832,3241684991999,62696325120000,1.0,0.00277903,0.0001436886
LegalBench-RAG,1200000,1200000,500,10000,0.95,0.1,7124582400,4987207680,77501682,35622912,1417791897,362285015,21373747,9974415,39742668,9088874736,3241684991999,62696325120000,1.0,0.00280375,0.0001449666
LegalBench-RAG,1200000,1200000,500,10000,0.95,0.5,7124582400,4987207680,94600680,121117900,1417791897,578872320,21373747,21373747,65277171,9444989862,3241684991999,62696325120000,1.0,0.00291361,0.0001506466
LegalBench-RAG,1200000,1200000,500,100000,0.2,0.01,7124582400,4987207680,73654408,16386539,1310923161,122257833,21373747,7409565,18693802,8695281455,2707341312000,626963251200000,1.0,0.00321174,1.38689e-05
LegalBench-RAG,1200000,1200000,500,100000,0.2,0.1,7124582400,4987207680,77501682,35622912,1310923161,132517232,21373747,9974415,21361245,8733856794,2707341312000,626963251200000,1.0,0.00322599,1.39304e-05
LegalBench-RAG,1200000,1200000,500,100000,0.2,0.5,7124582400,4987207680,94600680,121117900,1310923161,178114560,21373747,21373747,33216550,8905302745,2707341312000,626963251200000,1.0,0.00328932,1.42039e-05
LegalBench-RAG,1200000,1200000,500,100000,0.5,0.01,7124582400,4987207680,73654408,16386539,1353670656,198775848,21373747,7409565,24815243,8820668406,2921078784000,626963251200000,1.0,0.00301966,1.40689e-05
LegalBench-RAG,1200000,1200000,500,100000,0.5,0.1,7124582400,4987207680,77501682,35622912,1353670656,224424345,21373747,9974415,28713814,8875863971,2921078784000,626963251200000,1.0,0.00303856,1.41569e-05
LegalBench-RAG,1200000,1200000,500,100000,0.5,0.5,7124582400,4987207680,94600680,121117900,1353670656,338417664,21373747,21373747,46040799,9121177593,2921078784000,626963251200000,1.0,0.00312254,1.45482e-05
LegalBench-RAG,1200000,1200000,500,100000,0.8,0.01,7124582400,4987207680,73654408,16386539,1396418150,275293863,21373747,7409565,30936684,8946055356,3134816256000,626963251200000,1.0,0.00285377,1.42689e-05
LegalBench-RAG,1200000,1200000,500,100000,0.8,0.1,7124582400,4987207680,77501682,35622912,1396418150,316331458,21373747,9974415,36066383,9017871147,3134816256000,626963251200000,1.0,0.00287668,1.43834e-05
LegalBench-RAG,1200000,1200000,500,100000,0.8,0.5,7124582400,4987207680,94600680,121117900,1396418150,498720768,21373747,21373747,58865047,9337052439,3134816256000,626963251200000,1.0,0.0029785,1.48925e-05
LegalBench-RAG,1200000,1200000,500,100000,0.95,0.01,7124582400,4987207680,73654408,16386539,1417791897,313552871,21373747,7409565,33997405,9008748832,3241684991999,626963251200000,1.0,0.00277903,1.43689e-05
LegalBench-RAG,1200000,1200000,500,100000,0.95,0.1,7124582400,4987207680,77501682,35622912,1417791897,362285015,21373747,9974415,39742668,9088874736,3241684991999,626963251200000,1.0,0.00280375,1.44967e-05
LegalBench-RAG,1200000,1200000,500,100000,0.95,0.5,7124582400,4987207680,94600680,121117900,1417791897,578872320,21373747,21373747,65277171,9444989862,3241684991999,626963251200000,1.0,0.00291361,1.50647e-05
MS-MARCO-RBAC,8000000,8000000,50,10000,0.2,0.01,45232128000,31662489599,363245548,104033894,8322711552,776183316,135696384,47041413,110332731,55091372838,1718820864000,398042726400000,1.0,0.03205184,0.0001384057
MS-MARCO-RBAC,8000000,8000000,50,10000,0.2,0.1,45232128000,31662489599,387670897,226160640,8322711552,841317580,135696384,63324979,127267640,55336277672,1718820864000,398042726400000,1.0,0.03219433,0.0001390209
MS-MARCO-RBAC,8000000,8000000,50,10000,0.2,0.5,45232128000,31662489599,496228004,768946176,8322711552,1130803200,135696384,135696384,202533901,56424743601,1718820864000,398042726400000,1.0,0.03282759,0.0001417555
MS-MARCO-RBAC,8000000,8000000,50,10000,0.5,0.01,45232128000,31662489599,363245548,104033894,8594104320,1261976371,135696384,47041413,149196175,55887422105,1854517248000,398042726400000,1.0,0.03013583,0.0001404056
MS-MARCO-RBAC,8000000,8000000,50,10000,0.5,0.1,45232128000,31662489599,387670897,226160640,8594104320,1424812032,135696384,63324979,173947196,56237844448,1854517248000,398042726400000,1.0,0.03032479,0.0001412859
MS-MARCO-RBAC,8000000,8000000,50,10000,0.5,0.5,45232128000,31662489599,496228004,768946176,8594104320,2148526080,135696384,135696384,283951731,57795277079,1854517248000,398042726400000,1.0,0.03116459,0.0001451987
MS-MARCO-RBAC,8000000,8000000,50,10000,0.8,0.01,45232128000,31662489599,363245548,104033894,8865497088,1747769425,135696384,47041413,188059620,56683471372,1990213632000,398042726400000,1.0,0.0284811,0.0001424055
MS-MARCO-RBAC,8000000,8000000,50,10000,0.8,0.1,45232128000,31662489599,387670897,226160640,8865497088,2008306483,135696384,63324979,220626752,57139411223,1990213632000,398042726400000,1.0,0.02871019,0.0001435509
MS-MARCO-RBAC,8000000,8000000,50,10000,0.8,0.5,45232128000,31662489599,496228004,768946176,8865497088,3166248960,135696384,135696384,365369561,59165810557,1990213632000,398042726400000,1.0,0.02972837,0.0001486419
MS-MARCO-RBAC,8000000,8000000,50,10000,0.95,0.01,45232128000,31662489599,363245548,104033894,9001193472,1990665953,135696384,47041413,207491342,57081496006,2058061823999,398042726400000,1.0,0.02773556,0.0001434054
MS-MARCO-RBAC,8000000,8000000,50,10000,0.95,0.1,45232128000,31662489599,387670897,226160640,9001193472,2300053708,135696384,63324979,243966530,57590194610,2058061823999,398042726400000,1.0,0.02798273,0.0001446834
MS-MARCO-RBAC,8000000,8000000,50,10000,0.95,0.5,45232128000,31662489599,496228004,768946176,9001193472,3675110400,135696384,135696384,406078477,59851077297,2058061823999,398042726400000,1.0,0.02908128,0.0001503634
MS-MARCO-RBAC,8000000,8000000,50,100000,0.2,0.01,45232128000,31662489599,363245548,104033894,8322711552,776183316,135696384,47041413,110332731,55091372838,1718820864000,3980427264000000,1.0,0.03205184,1.38406e-05
MS-MARCO-RBAC,8000000,8000000,50,100000,0.2,0.1,45232128000,31662489599,387670897,226160640,8322711552,841317580,135696384,63324979,127267640,55336277672,1718820864000,3980427264000000,1.0,0.03219433,1.39021e-05
MS-MARCO-RBAC,8000000,8000000,50,100000,0.2,0.5,45232128000,31662489599,496228004,768946176,8322711552,1130803200,135696384,135696384,202533901,56424743601,1718820864000,3980427264000000,1.0,0.03282759,1.41755e-05
MS-MARCO-RBAC,8000000,8000000,50,100000,0.5,0.01,45232128000,31662489599,363245548,104033894,8594104320,1261976371,135696384,47041413,149196175,55887422105,1854517248000,3980427264000000,1.0,0.03013583,1.40406e-05
MS-MARCO-RBAC,8000000,8000000,50,100000,0.5,0.1,45232128000,31662489599,387670897,226160640,8594104320,1424812032,135696384,63324979,173947196,56237844448,1854517248000,3980427264000000,1.0,0.03032479,1.41286e-05
MS-MARCO-RBAC,8000000,8000000,50,100000,0.5,0.5,45232128000,31662489599,496228004,768946176,8594104320,2148526080,135696384,135696384,283951731,57795277079,1854517248000,3980427264000000,1.0,0.03116459,1.45199e-05
MS-MARCO-RBAC,8000000,8000000,50,100000,0.8,0.01,45232128000,31662489599,363245548,104033894,8865497088,1747769425,135696384,47041413,188059620,56683471372,1990213632000,3980427264000000,1.0,0.0284811,1.42405e-05
MS-MARCO-RBAC,8000000,8000000,50,100000,0.8,0.1,45232128000,31662489599,387670897,226160640,8865497088,2008306483,135696384,63324979,220626752,57139411223,1990213632000,3980427264000000,1.0,0.02871019,1.43551e-05
MS-MARCO-RBAC,8000000,8000000,50,100000,0.8,0.5,45232128000,31662489599,496228004,768946176,8865497088,3166248960,135696384,135696384,365369561,59165810557,1990213632000,3980427264000000,1.0,0.02972837,1.48642e-05
MS-MARCO-RBAC,8000000,8000000,50,100000,0.95,0.01,45232128000,31662489599,363245548,104033894,9001193472,1990665953,135696384,47041413,207491342,57081496006,2058061823999,3980427264000000,1.0,0.02773556,1.43405e-05
MS-MARCO-RBAC,8000000,8000000,50,100000,0.95,0.1,45232128000,31662489599,387670897,226160640,9001193472,2300053708,135696384,63324979,243966530,57590194610,2058061823999,3980427264000000,1.0,0.02798273,1.44683e-05
MS-MARCO-RBAC,8000000,8000000,50,100000,0.95,0.5,45232128000,31662489599,496228004,768946176,9001193472,3675110400,135696384,135696384,406078477,59851077297,2058061823999,3980427264000000,1.0,0.02908128,1.50363e-05
MS-MARCO-RBAC,8000000,8000000,100,10000,0.2,0.01,45232128000,31662489599,394457991,104033894,8322711552,776183316,135696384,47041413,112829726,55125082276,3437641728000,398042726400000,1.0,0.01603573,0.0001384904
MS-MARCO-RBAC,8000000,8000000,100,10000,0.2,0.1,45232128000,31662489599,418883340,226160640,8322711552,841317580,135696384,63324979,129764635,55369987110,3437641728000,398042726400000,1.0,0.01610697,0.0001391056
MS-MARCO-RBAC,8000000,8000000,100,10000,0.2,0.5,45232128000,31662489599,527440447,768946176,8322711552,1130803200,135696384,135696384,205030896,56458453039,3437641728000,398042726400000,1.0,0.0164236,0.0001418402
MS-MARCO-RBAC,8000000,8000000,100,10000,0.5,0.01,45232128000,31662489599,394457991,104033894,8594104320,1261976371,135696384,47041413,151693171,55921131544,3709034496000,398042726400000,1.0,0.015077,0.0001404903
MS-MARCO-RBAC,8000000,8000000,100,10000,0.5,0.1,45232128000,31662489599,418883340,226160640,8594104320,1424812032,135696384,63324979,176444191,56271553886,3709034496000,398042726400000,1.0,0.01517148,0.0001413706
MS-MARCO-RBAC,8000000,8000000,100,10000,0.5,0.5,45232128000,31662489599,527440447,768946176,8594104320,2148526080,135696384,135696384,286448726,57828986517,3709034496000,398042726400000,1.0,0.01559139,0.0001452834
MS-MARCO-RBAC,8000000,8000000,100,10000,0.8,0.01,45232128000,31662489599,394457991,104033894,8865497088,1747769425,135696384,47041413,190556615,56717180810,3980427264000,398042726400000,1.0,0.01424902,0.0001424902
MS-MARCO-RBAC,8000000,8000000,100,10000,0.8,0.1,45232128000,31662489599,418883340,226160640,8865497088,2008306483,135696384,63324979,223123747,57173120661,3980427264000,398042726400000,1.0,0.01436356,0.0001436356
MS-MARCO-RBAC,8000000,8000000,100,10000,0.8,0.5,45232128000,31662489599,527440447,768946176,8865497088,3166248960,135696384,135696384,367866557,59199519996,3980427264000,398042726400000,1.0,0.01487265,0.0001487265
MS-MARCO-RBAC,8000000,8000000,100,10000,0.95,0.01,45232128000,31662489599,394457991,104033894,9001193472,1990665953,135696384,47041413,209988337,57115205444,4116123647999,398042726400000,1.0,0.01387597,0.0001434901
MS-MARCO-RBAC,8000000,8000000,100,10000,0.95,0.1,45232128000,31662489599,418883340,226160640,9001193472,2300053708,135696384,63324979,246463525,57623904048,4116123647999,398042726400000,1.0,0.01399956,0.0001447681
MS-MARCO-RBAC,8000000,8000000,100,10000,0.95,0.5,45232128000,31662489599,527440447,768946176,9001193472,3675110400,135696384,135696384,408575472,59884786735,4116123647999,398042726400000,1.0,0.01454883,0.0001504481
MS-MARCO-RBAC,8000000,8000000,100,100000,0.2,0.01,45232128000,31662489599,394457991,104033894,8322711552,776183316,135696384,47041413,112829726,55125082276,3437641728000,3980427264000000,1.0,0.01603573,1.3849e-05
MS-MARCO-RBAC,8000000,8000000,100,100000,0.2,0.1,45232128000,31662489599,418883340,226160640,8322711552,841317580,135696384,63324979,129764635,55369987110,3437641728000,3980427264000000,1.0,0.01610697,1.39106e-05
MS-MARCO-RBAC,8000000,8000000,100,100000,0.2,0.5,45232128000,31662489599,527440447,768946176,8322711552,1130803200,135696384,135696384,205030896,56458453039,3437641728000,3980427264000000,1.0,0.0164236,1.4184e-05
MS-MARCO-RBAC,8000000,8000000,100,100000,0.5,0.01,45232128000,31662489599,394457991,104033894,8594104320,1261976371,135696384,47041413,151693171,55921131544,3709034496000,3980427264000000,1.0,0.015077,1.4049e-05
MS-MARCO-RBAC,8000000,8000000,100,100000,0.5,0.1,45232128000,31662489599,418883340,226160640,8594104320,1424812032,135696384,63324979,176444191,56271553886,3709034496000,3980427264000000,1.0,0.01517148,1.41371e-05
MS-MARCO-RBAC,8000000,8000000,100,100000,0.5,0.5,45232128000,31662489599,527440447,768946176,8594104320,2148526080,135696384,135696384,286448726,57828986517,3709034496000,3980427264000000,1.0,0.01559139,1.45283e-05
MS-MARCO-RBAC,8000000,8000000,100,100000,0.8,0.01,45232128000,31662489599,394457991,104033894,8865497088,1747769425,135696384,47041413,190556615,56717180810,3980427264000,3980427264000000,1.0,0.01424902,1.4249e-05
MS-MARCO-RBAC,8000000,8000000,100,100000,0.8,0.1,45232128000,31662489599,418883340,226160640,8865497088,2008306483,135696384,63324979,223123747,57173120661,3980427264000,3980427264000000,1.0,0.01436356,1.43636e-05
MS-MARCO-RBAC,8000000,8000000,100,100000,0.8,0.5,45232128000,31662489599,527440447,768946176,8865497088,3166248960,135696384,135696384,367866557,59199519996,3980427264000,3980427264000000,1.0,0.01487265,1.48727e-05
MS-MARCO-RBAC,8000000,8000000,100,100000,0.95,0.01,45232128000,31662489599,394457991,104033894,9001193472,1990665953,135696384,47041413,209988337,57115205444,4116123647999,3980427264000000,1.0,0.01387597,1.4349e-05
MS-MARCO-RBAC,8000000,8000000,100,100000,0.95,0.1,45232128000,31662489599,418883340,226160640,9001193472,2300053708,135696384,63324979,246463525,57623904048,4116123647999,3980427264000000,1.0,0.01399956,1.44768e-05
MS-MARCO-RBAC,8000000,8000000,100,100000,0.95,0.5,45232128000,31662489599,527440447,768946176,9001193472,3675110400,135696384,135696384,408575472,59884786735,4116123647999,3980427264000000,1.0,0.01454883,1.50448e-05
MS-MARCO-RBAC,8000000,8000000,500,10000,0.2,0.01,45232128000,31662489599,467612758,104033894,8322711552,776183316,135696384,47041413,118682108,55204089425,17188208640000,398042726400000,1.0,0.00321174,0.0001386889
MS-MARCO-RBAC,8000000,8000000,500,10000,0.2,0.1,45232128000,31662489599,492038107,226160640,8322711552,841317580,135696384,63324979,135617016,55448994258,17188208640000,398042726400000,1.0,0.00322599,0.0001393041
MS-MARCO-RBAC,8000000,8000000,500,10000,0.2,0.5,45232128000,31662489599,600595215,768946176,8322711552,1130803200,135696384,135696384,210883278,56537460189,17188208640000,398042726400000,1.0,0.00328932,0.0001420387
MS-MARCO-RBAC,8000000,8000000,500,10000,0.5,0.01,45232128000,31662489599,467612758,104033894,8594104320,1261976371,135696384,47041413,157545552,56000138692,18545172480000,398042726400000,1.0,0.00301966,0.0001406888
MS-MARCO-RBAC,8000000,8000000,500,10000,0.5,0.1,45232128000,31662489599,492038107,226160640,8594104320,1424812032,135696384,63324979,182296573,56350561035,18545172480000,398042726400000,1.0,0.00303856,0.0001415691
MS-MARCO-RBAC,8000000,8000000,500,10000,0.5,0.5,45232128000,31662489599,600595215,768946176,8594104320,2148526080,135696384,135696384,292301108,57907993667,18545172480000,398042726400000,1.0,0.00312254,0.0001454819
MS-MARCO-RBAC,8000000,8000000,500,10000,0.8,0.01,45232128000,31662489599,467612758,104033894,8865497088,1747769425,135696384,47041413,196408996,56796187958,19902136320000,398042726400000,1.0,0.00285377,0.0001426887
MS-MARCO-RBAC,8000000,8000000,500,10000,0.8,0.1,45232128000,31662489599,492038107,226160640,8865497088,2008306483,135696384,63324979,228976129,57252127810,19902136320000,398042726400000,1.0,0.00287668,0.0001438341
MS-MARCO-RBAC,8000000,8000000,500,10000,0.8,0.5,45232128000,31662489599,600595215,768946176,8865497088,3166248960,135696384,135696384,373718938,59278527145,19902136320000,398042726400000,1.0,0.0029785,0.000148925
MS-MARCO-RBAC,8000000,8000000,500,10000,0.95,0.01,45232128000,31662489599,467612758,104033894,9001193472,1990665953,135696384,47041413,215840719,57194212593,20580618240000,398042726400000,1.0,0.00277903,0.0001436886
MS-MARCO-RBAC,8000000,8000000,500,10000,0.95,0.1,45232128000,31662489599,492038107,226160640,9001193472,2300053708,135696384,63324979,252315907,57702911197,20580618240000,398042726400000,1.0,0.00280375,0.0001449666
MS-MARCO-RBAC,8000000,8000000,500,10000,0.95,0.5,45232128000,31662489599,600595215,768946176,9001193472,3675110400,135696384,135696384,414427854,59963793885,20580618240000,398042726400000,1.0,0.00291361,0.0001506466
MS-MARCO-RBAC,8000000,8000000,500,100000,0.2,0.01,45232128000,31662489599,467612758,104033894,8322711552,776183316,135696384,47041413,118682108,55204089425,17188208640000,3980427264000000,1.0,0.00321174,1.38689e-05
MS-MARCO-RBAC,8000000,8000000,500,100000,0.2,0.1,45232128000,31662489599,492038107,226160640,8322711552,841317580,135696384,63324979,135617016,55448994258,17188208640000,3980427264000000,1.0,0.00322599,1.39304e-05
MS-MARCO-RBAC,8000000,8000000,500,100000,0.2,0.5,45232128000,31662489599,600595215,768946176,8322711552,1130803200,135696384,135696384,210883278,56537460189,17188208640000,3980427264000000,1.0,0.00328932,1.42039e-05
MS-MARCO-RBAC,8000000,8000000,500,100000,0.5,0.01,45232128000,31662489599,467612758,104033894,8594104320,1261976371,135696384,47041413,157545552,56000138692,18545172480000,3980427264000000,1.0,0.00301966,1.40689e-05
MS-MARCO-RBAC,8000000,8000000,500,100000,0.5,0.1,45232128000,31662489599,492038107,226160640,8594104320,1424812032,135696384,63324979,182296573,56350561035,18545172480000,3980427264000000,1.0,0.00303856,1.41569e-05
MS-MARCO-RBAC,8000000,8000000,500,100000,0.5,0.5,45232128000,31662489599,600595215,768946176,8594104320,2148526080,135696384,135696384,292301108,57907993667,18545172480000,3980427264000000,1.0,0.00312254,1.45482e-05
MS-MARCO-RBAC,8000000,8000000,500,100000,0.8,0.01,45232128000,31662489599,467612758,104033894,8865497088,1747769425,135696384,47041413,196408996,56796187958,19902136320000,3980427264000000,1.0,0.00285377,1.42689e-05
MS-MARCO-RBAC,8000000,8000000,500,100000,0.8,0.1,45232128000,31662489599,492038107,226160640,8865497088,2008306483,135696384,63324979,228976129,57252127810,19902136320000,3980427264000000,1.0,0.00287668,1.43834e-05
MS-MARCO-RBAC,8000000,8000000,500,100000,0.8,0.5,45232128000,31662489599,600595215,768946176,8865497088,3166248960,135696384,135696384,373718938,59278527145,19902136320000,3980427264000000,1.0,0.0029785,1.48925e-05
MS-MARCO-RBAC,8000000,8000000,500,100000,0.95,0.01,45232128000,31662489599,467612758,104033894,9001193472,1990665953,135696384,47041413,215840719,57194212593,20580618240000,3980427264000000,1.0,0.00277903,1.43689e-05
MS-MARCO-RBAC,8000000,8000000,500,100000,0.95,0.1,45232128000,31662489599,492038107,226160640,9001193472,2300053708,135696384,63324979,252315907,57702911197,20580618240000,3980427264000000,1.0,0.00280375,1.44967e-05
MS-MARCO-RBAC,8000000,8000000,500,100000,0.95,0.5,45232128000,31662489599,600595215,768946176,9001193472,3675110400,135696384,135696384,414427854,59963793885,20580618240000,3980427264000000,1.0,0.00291361,1.50647e-05
SIFT1M,1000000,1000000,50,10000,0.2,0.01,793600000,555520000,6373161,1825280,146022400,13618176,2380800,825344,1935793,966580954,30156800000,6983680000000,1.0,0.03205184,0.0001384057
SIFT1M,1000000,1000000,50,10000,0.2,0.1,793600000,555520000,6801705,3968000,146022400,14760960,2380800,1111040,2232917,970877822,30156800000,6983680000000,1.0,0.03219433,0.0001390209
SIFT1M,1000000,1000000,50,10000,0.2,0.5,793600000,555520000,8706345,13491200,146022400,19840000,2380800,2380800,3553467,989975012,30156800000,6983680000000,1.0,0.03282759,0.0001417555
SIFT1M,1000000,1000000,50,10000,0.5,0.01,793600000,555520000,6373161,1825280,150784000,22141440,2380800,825344,2617654,980547679,32537599999,6983680000000,1.0,0.03013583,0.0001404056
SIFT1M,1000000,1000000,50,10000,0.5,0.1,793600000,555520000,6801705,3968000,150784000,24998400,2380800,1111040,3051912,986695857,32537599999,6983680000000,1.0,0.03032479,0.0001412859
SIFT1M,1000000,1000000,50,10000,0.5,0.5,793600000,555520000,8706345,13491200,150784000,37696000,2380800,2380800,4981947,1014021092,32537599999,6983680000000,1.0,0.03116459,0.0001451987
SIFT1M,1000000,1000000,50,10000,0.8,0.01,793600000,555520000,6373161,1825280,155545600,30664704,2380800,825344,3299515,994514404,34918400000,6983680000000,1.0,0.0284811,0.0001424055
SIFT1M,1000000,1000000,50,10000,0.8,0.1,793600000,555520000,6801705,3968000,155545600,35235840,2380800,1111040,3870907,1002513892,34918400000,6983680000000,1.0,0.02871019,0.0001435509
SIFT1M,1000000,1000000,50,10000,0.8,0.5,793600000,555520000,8706345,13491200,155545600,55552000,2380800,2380800,6410427,1038067172,34918400000,6983680000000,1.0,0.02972837,0.0001486419
SIFT1M,1000000,1000000,50,10000,0.95,0.01,793600000,555520000,6373161,1825280,157926400,34926336,2380800,825344,3640446,1001497767,36108800000,6983680000000,1.0,0.02773556,0.0001434054
SIFT1M,1000000,1000000,50,10000,0.95,0.1,793600000,555520000,6801705,3968000,157926400,40354560,2380800,1111040,4280405,1010422910,36108800000,6983680000000,1.0,0.02798273,0.0001446834
SIFT1M,1000000,1000000,50,10000,0.95,0.5,793600000,555520000,8706345,13491200,157926400,64480000,2380800,2380800,7124667,1050090212,36108800000,6983680000000,1.0,0.02908128,0.0001503634
SIFT1M,1000000,1000000,50,100000,0.2,0.01,793600000,555520000,6373161,1825280,146022400,13618176,2380800,825344,1935793,966580954,30156800000,69836800000000,1.0,0.03205184,1.38406e-05
SIFT1M,1000000,1000000,50,100000,0.2,0.1,793600000,555520000,6801705,3968000,146022400,14760960,2380800,1111040,2232917,970877822,30156800000,69836800000000,1.0,0.03219433,1.39021e-05
SIFT1M,1000000,1000000,50,100000,0.2,0.5,793600000,555520000,8706345,13491200,146022400,19840000,2380800,2380800,3553467,989975012,30156800000,69836800000000,1.0,0.03282759,1.41755e-05
SIFT1M,1000000,1000000,50,100000,0.5,0.01,793600000,555520000,6373161,1825280,150784000,22141440,2380800,825344,2617654,980547679,32537599999,69836800000000,1.0,0.03013583,1.40406e-05
SIFT1M,1000000,1000000,50,100000,0.5,0.1,793600000,555520000,6801705,3968000,150784000,24998400,2380800,1111040,3051912,986695857,32537599999,69836800000000,1.0,0.03032479,1.41286e-05
SIFT1M,1000000,1000000,50,100000,0.5,0.5,793600000,555520000,8706345,13491200,150784000,37696000,2380800,2380800,4981947,1014021092,32537599999,69836800000000,1.0,0.03116459,1.45199e-05
SIFT1M,1000000,1000000,50,100000,0.8,0.01,793600000,555520000,6373161,1825280,155545600,30664704,2380800,825344,3299515,994514404,34918400000,69836800000000,1.0,0.0284811,1.42405e-05
SIFT1M,1000000,1000000,50,100000,0.8,0.1,793600000,555520000,6801705,3968000,155545600,35235840,2380800,1111040,3870907,1002513892,34918400000,69836800000000,1.0,0.02871019,1.43551e-05
SIFT1M,1000000,1000000,50,100000,0.8,0.5,793600000,555520000,8706345,13491200,155545600,55552000,2380800,2380800,6410427,1038067172,34918400000,69836800000000,1.0,0.02972837,1.48642e-05
SIFT1M,1000000,1000000,50,100000,0.95,0.01,793600000,555520000,6373161,1825280,157926400,34926336,2380800,825344,3640446,1001497767,36108800000,69836800000000,1.0,0.02773556,1.43405e-05
SIFT1M,1000000,1000000,50,100000,0.95,0.1,793600000,555520000,6801705,3968000,157926400,40354560,2380800,1111040,4280405,1010422910,36108800000,69836800000000,1.0,0.02798273,1.44683e-05
SIFT1M,1000000,1000000,50,100000,0.95,0.5,793600000,555520000,8706345,13491200,157926400,64480000,2380800,2380800,7124667,1050090212,36108800000,69836800000000,1.0,0.02908128,1.50363e-05
SIFT1M,1000000,1000000,100,10000,0.2,0.01,793600000,555520000,6920785,1825280,146022400,13618176,2380800,825344,1979603,967172388,60313600000,6983680000000,1.0,0.01603573,0.0001384904
SIFT1M,1000000,1000000,100,10000,0.2,0.1,793600000,555520000,7349329,3968000,146022400,14760960,2380800,1111040,2276727,971469256,60313600000,6983680000000,1.0,0.01610697,0.0001391056
SIFT1M,1000000,1000000,100,10000,0.2,0.5,793600000,555520000,9253969,13491200,146022400,19840000,2380800,2380800,3597277,990566446,60313600000,6983680000000,1.0,0.0164236,0.0001418402
SIFT1M,1000000,1000000,100,10000,0.5,0.01,793600000,555520000,6920785,1825280,150784000,22141440,2380800,825344,2661464,981139113,65075199999,6983680000000,1.0,0.015077,0.0001404903
SIFT1M,1000000,1000000,100,10000,0.5,0.1,793600000,555520000,7349329,3968000,150784000,24998400,2380800,1111040,3095722,987287291,65075199999,6983680000000,1.0,0.01517148,0.0001413706
SIFT1M,1000000,1000000,100,10000,0.5,0.5,793600000,555520000,9253969,13491200,150784000,37696000,2380800,2380800,5025757,1014612526,65075199999,6983680000000,1.0,0.01559139,0.0001452834
SIFT1M,1000000,1000000,100,10000,0.8,0.01,793600000,555520000,6920785,1825280,155545600,30664704,2380800,825344,3343325,995105838,69836800000,6983680000000,1.0,0.01424902,0.0001424902
SIFT1M,1000000,1000000,100,10000,0.8,0.1,793600000,555520000,7349329,3968000,155545600,35235840,2380800,1111040,3914717,1003105326,69836800000,6983680000000,1.0,0.01436356,0.0001436356
SIFT1M,1000000,1000000,100,10000,0.8,0.5,793600000,555520000,9253969,13491200,155545600,55552000,2380800,2380800,6454237,1038658606,69836800000,6983680000000,1.0,0.01487265,0.0001487265
SIFT1M,1000000,1000000,100,10000,0.95,0.01,793600000,555520000,6920785,1825280,157926400,34926336,2380800,825344,3684256,1002089201,72217600000,6983680000000,1.0,0.01387597,0.0001434901
SIFT1M,1000000,1000000,100,10000,0.95,0.1,793600000,555520000,7349329,3968000,157926400,40354560,2380800,1111040,4324215,1011014344,72217600000,6983680000000,1.0,0.01399956,0.0001447681
SIFT1M,1000000,1000000,100,10000,0.95,0.5,793600000,555520000,9253969,13491200,157926400,64480000,2380800,2380800,7168477,1050681646,72217600000,6983680000000,1.0,0.01454883,0.0001504481
SIFT1M,1000000,1000000,100,100000,0.2,0.01,793600000,555520000,6920785,1825280,146022400,13618176,2380800,825344,1979603,967172388,60313600000,69836800000000,1.0,0.01603573,1.3849e-05
SIFT1M,1000000,1000000,100,100000,0.2,0.1,793600000,555520000,7349329,3968000,146022400,14760960,2380800,1111040,2276727,971469256,60313600000,69836800000000,1.0,0.01610697,1.39106e-05
SIFT1M,1000000,1000000,100,100000,0.2,0.5,793600000,555520000,9253969,13491200,146022400,19840000,2380800,2380800,3597277,990566446,60313600000,69836800000000,1.0,0.0164236,1.4184e-05
SIFT1M,1000000,1000000,100,100000,0.5,0.01,793600000,555520000,6920785,1825280,150784000,22141440,2380800,825344,2661464,981139113,65075199999,69836800000000,1.0,0.015077,1.4049e-05
SIFT1M,1000000,1000000,100,100000,0.5,0.1,793600000,555520000,7349329,3968000,150784000,24998400,2380800,1111040,3095722,987287291,65075199999,69836800000000,1.0,0.01517148,1.41371e-05
SIFT1M,1000000,1000000,100,100000,0.5,0.5,793600000,555520000,9253969,13491200,150784000,37696000,2380800,2380800,5025757,1014612526,65075199999,69836800000000,1.0,0.01559139,1.45283e-05
SIFT1M,1000000,1000000,100,100000,0.8,0.01,793600000,555520000,6920785,1825280,155545600,30664704,2380800,825344,3343325,995105838,69836800000,69836800000000,1.0,0.01424902,1.4249e-05
SIFT1M,1000000,1000000,100,100000,0.8,0.1,793600000,555520000,7349329,3968000,155545600,35235840,2380800,1111040,3914717,1003105326,69836800000,69836800000000,1.0,0.01436356,1.43636e-05
SIFT1M,1000000,1000000,100,100000,0.8,0.5,793600000,555520000,9253969,13491200,155545600,55552000,2380800,2380800,6454237,1038658606,69836800000,69836800000000,1.0,0.01487265,1.48727e-05
SIFT1M,1000000,1000000,100,100000,0.95,0.01,793600000,555520000,6920785,1825280,157926400,34926336,2380800,825344,3684256,1002089201,72217600000,69836800000000,1.0,0.01387597,1.4349e-05
SIFT1M,1000000,1000000,100,100000,0.95,0.1,793600000,555520000,7349329,3968000,157926400,40354560,2380800,1111040,4324215,1011014344,72217600000,69836800000000,1.0,0.01399956,1.44768e-05
SIFT1M,1000000,1000000,100,100000,0.95,0.5,793600000,555520000,9253969,13491200,157926400,64480000,2380800,2380800,7168477,1050681646,72217600000,69836800000000,1.0,0.01454883,1.50448e-05
SIFT1M,1000000,1000000,500,10000,0.2,0.01,793600000,555520000,8204289,1825280,146022400,13618176,2380800,825344,2082283,968558572,301568000000,6983680000000,1.0,0.00321174,0.0001386889
SIFT1M,1000000,1000000,500,10000,0.2,0.1,793600000,555520000,8632833,3968000,146022400,14760960,2380800,1111040,2379407,972855440,301568000000,6983680000000,1.0,0.00322599,0.0001393041
SIFT1M,1000000,1000000,500,10000,0.2,0.5,793600000,555520000,10537473,13491200,146022400,19840000,2380800,2380800,3699957,991952630,301568000000,6983680000000,1.0,0.00328932,0.0001420387
SIFT1M,1000000,1000000,500,10000,0.5,0.01,793600000,555520000,8204289,1825280,150784000,22141440,2380800,825344,2764144,982525297,325376000000,6983680000000,1.0,0.00301966,0.0001406888
SIFT1M,1000000,1000000,500,10000,0.5,0.1,793600000,555520000,8632833,3968000,150784000,24998400,2380800,1111040,3198402,988673475,325376000000,6983680000000,1.0,0.00303856,0.0001415691
SIFT1M,1000000,1000000,500,10000,0.5,0.5,793600000,555520000,10537473,13491200,150784000,37696000,2380800,2380800,5128437,1015998710,325376000000,6983680000000,1.0,0.00312254,0.0001454819
SIFT1M,1000000,1000000,500,10000,0.8,0.01,793600000,555520000,8204289,1825280,155545600,30664704,2380800,825344,3446005,996492022,349184000000,6983680000000,1.0,0.00285377,0.0001426887
SIFT1M,1000000,1000000,500,10000,0.8,0.1,793600000,555520000,8632833,3968000,155545600,35235840,2380800,1111040,4017397,1004491510,349184000000,6983680000000,1.0,0.00287668,0.0001438341
SIFT1M,1000000,1000000,500,10000,0.8,0.5,793600000,555520000,10537473,13491200,155545600,55552000,2380800,2380800,6556917,1040044790,349184000000,6983680000000,1.0,0.0029785,0.000148925
SIFT1M,1000000,1000000,500,10000,0.95,0.01,793600000,555520000,8204289,1825280,157926400,34926336,2380800,825344,3786936,1003475385,361087999999,6983680000000,1.0,0.00277903,0.0001436886
SIFT1M,1000000,1000000,500,10000,0.95,0.1,793600000,555520000,8632833,3968000,157926400,40354560,2380800,1111040,4426895,1012400528,361087999999,6983680000000,1.0,0.00280375,0.0001449666
SIFT1M,1000000,1000000,500,10000,0.95,0.5,793600000,555520000,10537473,13491200,157926400,64480000,2380800,2380800,7271157,1052067830,361087999999,6983680000000,1.0,0.00291361,0.0001506466
SIFT1M,1000000,1000000,500,100000,0.2,0.01,793600000,555520000,8204289,1825280,146022400,13618176,2380800,825344,2082283,968558572,301568000000,69836800000000,1.0,0.00321174,1.38689e-05
SIFT1M,1000000,1000000,500,100000,0.2,0.1,793600000,555520000,8632833,3968000,146022400,14760960,2380800,1111040,2379407,972855440,301568000000,69836800000000,1.0,0.00322599,1.39304e-05
SIFT1M,1000000,1000000,500,100000,0.2,0.5,793600000,555520000,10537473,13491200,146022400,19840000,2380800,2380800,3699957,991952630,301568000000,69836800000000,1.0,0.00328932,1.42039e-05
SIFT1M,1000000,1000000,500,100000,0.5,0.01,793600000,555520000,8204289,1825280,150784000,22141440,2380800,825344,2764144,982525297,325376000000,69836800000000,1.0,0.00301966,1.40689e-05
SIFT1M,1000000,1000000,500,100000,0.5,0.1,793600000,555520000,8632833,3968000,150784000,24998400,2380800,1111040,3198402,988673475,325376000000,69836800000000,1.0,0.00303856,1.41569e-05
SIFT1M,1000000,1000000,500,100000,0.5,0.5,793600000,555520000,10537473,13491200,150784000,37696000,2380800,2380800,5128437,1015998710,325376000000,69836800000000,1.0,0.00312254,1.45482e-05
SIFT1M,1000000,1000000,500,100000,0.8,0.01,793600000,555520000,8204289,1825280,155545600,30664704,2380800,825344,3446005,996492022,349184000000,69836800000000,1.0,0.00285377,1.42689e-05
SIFT1M,1000000,1000000,500,100000,0.8,0.1,793600000,555520000,8632833,3968000,155545600,35235840,2380800,1111040,4017397,1004491510,349184000000,69836800000000,1.0,0.00287668,1.43834e-05
SIFT1M,1000000,1000000,500,100000,0.8,0.5,793600000,555520000,10537473,13491200,155545600,55552000,2380800,2380800,6556917,1040044790,349184000000,69836800000000,1.0,0.0029785,1.48925e-05
SIFT1M,1000000,1000000,500,100000,0.95,0.01,793600000,555520000,8204289,1825280,157926400,34926336,2380800,825344,3786936,1003475385,361087999999,69836800000000,1.0,0.00277903,1.43689e-05
SIFT1M,1000000,1000000,500,100000,0.95,0.1,793600000,555520000,8632833,3968000,157926400,40354560,2380800,1111040,4426895,1012400528,361087999999,69836800000000,1.0,0.00280375,1.44967e-05
SIFT1M,1000000,1000000,500,100000,0.95,0.5,793600000,555520000,10537473,13491200,157926400,64480000,2380800,2380800,7271157,1052067830,361087999999,69836800000000,1.0,0.00291361,1.50647e-05
MIMIC-IV-CaseStudy,1800000,1800000,50,10000,0.2,0.01,10692864000,7485004800,85871158,24593587,1967486976,183489546,32078592,11120578,26082630,13023587067,406328832000,94097203200000,1.0,0.03205184,0.0001384057
MIMIC-IV-CaseStudy,1800000,1800000,50,10000,0.2,0.1,10692864000,7485004800,91645305,53464320,1967486976,198887270,32078592,14970009,30086038,13081482510,406328832000,94097203200000,1.0,0.03219433,0.0001390209
MIMIC-IV-CaseStudy,1800000,1800000,50,10000,0.2,0.5,10692864000,7485004800,117308178,181778688,1967486976,267321600,32078592,32078592,47878964,13338795590,406328832000,94097203200000,1.0,0.03282759,0.0001417555
MIMIC-IV-CaseStudy,1800000,1800000,50,10000,0.5,0.01,10692864000,7485004800,85871158,24593587,2031644160,298330905,32078592,11120578,35269939,13211772919,438407424000,94097203200000,1.0,0.03013583,0.0001404056
MIMIC-IV-CaseStudy,1800000,1800000,50,10000,0.5,0.1,10692864000,7485004800,91645305,53464320,2031644160,336825216,32078592,14970009,41121074,13294612676,438407424000,94097203200000,1.0,0.03032479,0.0001412859
MIMIC-IV-CaseStudy,1800000,1800000,50,10000,0.5,0.5,10692864000,7485004800,117308178,181778688,2031644160,507911040,32078592,32078592,67126119,13662789369,438407424000,94097203200000,1.0,0.03116459,0.0001451987
MIMIC-IV-CaseStudy,1800000,1800000,50,10000,0.8,0.01,10692864000,7485004800,85871158,24593587,2095801344,413172264,32078592,11120578,44457248,13399958771,470486016000,94097203200000,1.0,0.0284811,0.0001424055
MIMIC-IV-CaseStudy,1800000,1800000,50,10000,0.8,0.1,10692864000,7485004800,91645305,53464320,2095801344,474763161,32078592,14970009,52156110,13507742841,470486016000,94097203200000,1.0,0.02871019,0.0001435509
MIMIC-IV-CaseStudy,1800000,1800000,50,10000,0.8,0.5,10692864000,7485004800,117308178,181778688,2095801344,748500480,32078592,32078592,86373275,13986783149,470486016000,94097203200000,1.0,0.02972837,0.0001486419
MIMIC-IV-CaseStudy,1800000,1800000,50,10000,0.95,0.01,10692864000,7485004800,85871158,24593587,2127879935,470592944,32078592,11120578,49050902,13494051696,486525311999,94097203200000,1.0,0.02773556,0.0001434054
MIMIC-IV-CaseStudy,1800000,1800000,50,10000,0.95,0.1,10692864000,7485004800,91645305,53464320,2127879935,543732134,32078592,14970009,57673628,13614307923,486525311999,94097203200000,1.0,0.02798273,0.0001446834
MIMIC-IV-CaseStudy,1800000,1800000,50,10000,0.95,0.5,10692864000,7485004800,117308178,181778688,2127879935,868795200,32078592,32078592,95996852,14148780037,486525311999,94097203200000,1.0,0.02908128,0.0001503634
MIMIC-IV-CaseStudy,1800000,1800000,50,100000,0.2,0.01,10692864000,7485004800,85871158,24593587,1967486976,183489546,32078592,11120578,26082630,13023587067,406328832000,940972032000000,1.0,0.03205184,1.38406e-05
MIMIC-IV-CaseStudy,1800000,1800000,50,100000,0.2,0.1,10692864000,7485004800,91645305,53464320,1967486976,198887270,32078592,14970009,30086038,13081482510,406328832000,940972032000000,1.0,0.03219433,1.39021e-05
MIMIC-IV-CaseStudy,1800000,1800000,50,100000,0.2,0.5,10692864000,7485004800,117308178,181778688,1967486976,267321600,32078592,32078592,47878964,13338795590,406328832000,940972032000000,1.0,0.03282759,1.41755e-05
MIMIC-IV-CaseStudy,1800000,1800000,50,100000,0.5,0.01,10692864000,7485004800,85871158,24593587,2031644160,298330905,32078592,11120578,35269939,13211772919,438407424000,940972032000000,1.0,0.03013583,1.40406e-05
MIMIC-IV-CaseStudy,1800000,1800000,50,100000,0.5,0.1,10692864000,7485004800,91645305,53464320,2031644160,336825216,32078592,14970009,41121074,13294612676,438407424000,940972032000000,1.0,0.03032479,1.41286e-05
MIMIC-IV-CaseStudy,1800000,1800000,50,100000,0.5,0.5,10692864000,7485004800,117308178,181778688,2031644160,507911040,32078592,32078592,67126119,13662789369,438407424000,940972032000000,1.0,0.03116459,1.45199e-05
MIMIC-IV-CaseStudy,1800000,1800000,50,100000,0.8,0.01,10692864000,7485004800,85871158,24593587,2095801344,413172264,32078592,11120578,44457248,13399958771,470486016000,940972032000000,1.0,0.0284811,1.42405e-05
MIMIC-IV-CaseStudy,1800000,1800000,50,100000,0.8,0.1,10692864000,7485004800,91645305,53464320,2095801344,474763161,32078592,14970009,52156110,13507742841,470486016000,940972032000000,1.0,0.02871019,1.43551e-05
MIMIC-IV-CaseStudy,1800000,1800000,50,100000,0.8,0.5,10692864000,7485004800,117308178,181778688,2095801344,748500480,32078592,32078592,86373275,13986783149,470486016000,940972032000000,1.0,0.02972837,1.48642e-05
MIMIC-IV-CaseStudy,1800000,1800000,50,100000,0.95,0.01,10692864000,7485004800,85871158,24593587,2127879935,470592944,32078592,11120578,49050902,13494051696,486525311999,940972032000000,1.0,0.02773556,1.43405e-05
MIMIC-IV-CaseStudy,1800000,1800000,50,100000,0.95,0.1,10692864000,7485004800,91645305,53464320,2127879935,543732134,32078592,14970009,57673628,13614307923,486525311999,940972032000000,1.0,0.02798273,1.44683e-05
MIMIC-IV-CaseStudy,1800000,1800000,50,100000,0.95,0.5,10692864000,7485004800,117308178,181778688,2127879935,868795200,32078592,32078592,95996852,14148780037,486525311999,940972032000000,1.0,0.02908128,1.50363e-05
MIMIC-IV-CaseStudy,1800000,1800000,100,10000,0.2,0.01,10692864000,7485004800,93249772,24593587,1967486976,183489546,32078592,11120578,26672919,13031555970,812657664000,94097203200000,1.0,0.01603573,0.0001384904
MIMIC-IV-CaseStudy,1800000,1800000,100,10000,0.2,0.1,10692864000,7485004800,99023919,53464320,1967486976,198887270,32078592,14970009,30676328,13089451414,812657664000,94097203200000,1.0,0.01610697,0.0001391056
MIMIC-IV-CaseStudy,1800000,1800000,100,10000,0.2,0.5,10692864000,7485004800,124686792,181778688,1967486976,267321600,32078592,32078592,48469253,13346764493,812657664000,94097203200000,1.0,0.0164236,0.0001418402
MIMIC-IV-CaseStudy,1800000,1800000,100,10000,0.5,0.01,10692864000,7485004800,93249772,24593587,2031644160,298330905,32078592,11120578,35860228,13219741822,876814848000,94097203200000,1.0,0.015077,0.0001404903
MIMIC-IV-CaseStudy,1800000,1800000,100,10000,0.5,0.1,10692864000,7485004800,99023919,53464320,2031644160,336825216,32078592,14970009,41711363,13302581579,876814848000,94097203200000,1.0,0.01517148,0.0001413706
MIMIC-IV-CaseStudy,1800000,1800000,100,10000,0.5,0.5,10692864000,7485004800,124686792,181778688,2031644160,507911040,32078592,32078592,67716408,13670758272,876814848000,94097203200000,1.0,0.01559139,0.0001452834
MIMIC-IV-CaseStudy,1800000,1800000,100,10000,0.8,0.01,10692864000,7485004800,93249772,24593587,2095801344,413172264,32078592,11120578,45047537,13407927674,940972032000,94097203200000,1.0,0.01424902,0.0001424902
MIMIC-IV-CaseStudy,1800000,1800000,100,10000,0.8,0.1,10692864000,7485004800,99023919,53464320,2095801344,474763161,32078592,14970009,52746399,13515711744,940972032000,94097203200000,1.0,0.01436356,0.0001436356
MIMIC-IV-CaseStudy,1800000,1800000,100,10000,0.8,0.5,10692864000,7485004800,124686792,181778688,2095801344,748500480,32078592,32078592,86963564,13994752052,940972032000,94097203200000,1.0,0.01487265,0.0001487265
MIMIC-IV-CaseStudy,1800000,1800000,100,10000,0.95,0.01,10692864000,7485004800,93249772,24593587,2127879935,470592944,32078592,11120578,49641191,13502020599,973050623999,94097203200000,1.0,0.01387597,0.0001434901
MIMIC-IV-CaseStudy,1800000,1800000,100,10000,0.95,0.1,10692864000,7485004800,99023919,53464320,2127879935,543732134,32078592,14970009,58263917,13622276826,973050623999,94097203200000,1.0,0.01399956,0.0001447681
MIMIC-IV-CaseStudy,1800000,1800000,100,10000,0.95,0.5,10692864000,7485004800,124686792,181778688,2127879935,868795200,32078592,32078592,96587141,14156748940,973050623999,94097203200000,1.0,0.01454883,0.0001504481
MIMIC-IV-CaseStudy,1800000,1800000,100,100000,0.2,0.01,10692864000,7485004800,93249772,24593587,1967486976,183489546,32078592,11120578,26672919,13031555970,812657664000,940972032000000,1.0,0.01603573,1.3849e-05
MIMIC-IV-CaseStudy,1800000,1800000,100,100000,0.2,0.1,10692864000,7485004800,99023919,53464320,1967486976,198887270,32078592,14970009,30676328,13089451414,812657664000,940972032000000,1.0,0.01610697,1.39106e-05
MIMIC-IV-CaseStudy,1800000,1800000,100,100000,0.2,0.5,10692864000,7485004800,124686792,181778688,1967486976,267321600,32078592,32078592,48469253,13346764493,812657664000,940972032000000,1.0,0.0164236,1.4184e-05
MIMIC-IV-CaseStudy,1800000,1800000,100,100000,0.5,0.01,10692864000,7485004800,93249772,24593587,2031644160,298330905,32078592,11120578,35860228,13219741822,876814848000,940972032000000,1.0,0.015077,1.4049e-05
MIMIC-IV-CaseStudy,1800000,1800000,100,100000,0.5,0.1,10692864000,7485004800,99023919,53464320,2031644160,336825216,32078592,14970009,41711363,13302581579,876814848000,940972032000000,1.0,0.01517148,1.41371e-05
MIMIC-IV-CaseStudy,1800000,1800000,100,100000,0.5,0.5,10692864000,7485004800,124686792,181778688,2031644160,507911040,32078592,32078592,67716408,13670758272,876814848000,940972032000000,1.0,0.01559139,1.45283e-05
MIMIC-IV-CaseStudy,1800000,1800000,100,100000,0.8,0.01,10692864000,7485004800,93249772,24593587,2095801344,413172264,32078592,11120578,45047537,13407927674,940972032000,940972032000000,1.0,0.01424902,1.4249e-05
MIMIC-IV-CaseStudy,1800000,1800000,100,100000,0.8,0.1,10692864000,7485004800,99023919,53464320,2095801344,474763161,32078592,14970009,52746399,13515711744,940972032000,940972032000000,1.0,0.01436356,1.43636e-05
MIMIC-IV-CaseStudy,1800000,1800000,100,100000,0.8,0.5,10692864000,7485004800,124686792,181778688,2095801344,748500480,32078592,32078592,86963564,13994752052,940972032000,940972032000000,1.0,0.01487265,1.48727e-05
MIMIC-IV-CaseStudy,1800000,1800000,100,100000,0.95,0.01,10692864000,7485004800,93249772,24593587,2127879935,470592944,32078592,11120578,49641191,13502020599,973050623999,940972032000000,1.0,0.01387597,1.4349e-05
MIMIC-IV-CaseStudy,1800000,1800000,100,100000,0.95,0.1,10692864000,7485004800,99023919,53464320,2127879935,543732134,32078592,14970009,58263917,13622276826,973050623999,940972032000000,1.0,0.01399956,1.44768e-05
MIMIC-IV-CaseStudy,1800000,1800000,100,100000,0.95,0.5,10692864000,7485004800,124686792,181778688,2127879935,868795200,32078592,32078592,96587141,14156748940,973050623999,940972032000000,1.0,0.01454883,1.50448e-05
MIMIC-IV-CaseStudy,1800000,1800000,500,10000,0.2,0.01,10692864000,7485004800,110543541,24593587,1967486976,183489546,32078592,11120578,28056421,13050233241,4063288320000,94097203200000,1.0,0.00321174,0.0001386889
MIMIC-IV-CaseStudy,1800000,1800000,500,10000,0.2,0.1,10692864000,7485004800,116317688,53464320,1967486976,198887270,32078592,14970009,32059829,13108128684,4063288320000,94097203200000,1.0,0.00322599,0.0001393041
MIMIC-IV-CaseStudy,1800000,1800000,500,10000,0.2,0.5,10692864000,7485004800,141980561,181778688,1967486976,267321600,32078592,32078592,49852755,13365441764,4063288320000,94097203200000,1.0,0.00328932,0.0001420387
MIMIC-IV-CaseStudy,1800000,1800000,500,10000,0.5,0.01,10692864000,7485004800,110543541,24593587,2031644160,298330905,32078592,11120578,37243730,13238419093,4384074239999,94097203200000,1.0,0.00301966,0.0001406888
MIMIC-IV-CaseStudy,1800000,1800000,500,10000,0.5,0.1,10692864000,7485004800,116317688,53464320,2031644160,336825216,32078592,14970009,43094865,13321258850,4384074239999,94097203200000,1.0,0.00303856,0.0001415691
MIMIC-IV-CaseStudy,1800000,1800000,500,10000,0.5,0.5,10692864000,7485004800,141980561,181778688,2031644160,507911040,32078592,32078592,69099910,13689435543,4384074239999,94097203200000,1.0,0.00312254,0.0001454819
MIMIC-IV-CaseStudy,1800000,1800000,500,10000,0.8,0.01,10692864000,7485004800,110543541,24593587,2095801344,413172264,32078592,11120578,46431038,13426604944,4704860160000,94097203200000,1.0,0.00285377,0.0001426887
MIMIC-IV-CaseStudy,1800000,1800000,500,10000,0.8,0.1,10692864000,7485004800,116317688,53464320,2095801344,474763161,32078592,14970009,54129900,13534389014,4704860160000,94097203200000,1.0,0.00287668,0.0001438341
MIMIC-IV-CaseStudy,1800000,1800000,500,10000,0.8,0.5,10692864000,7485004800,141980561,181778688,2095801344,748500480,32078592,32078592,88347065,14013429322,4704860160000,94097203200000,1.0,0.0029785,0.000148925
MIMIC-IV-CaseStudy,1800000,1800000,500,10000,0.95,0.01,10692864000,7485004800,110543541,24593587,2127879935,470592944,32078592,11120578,51024693,13520697870,4865253120000,94097203200000,1.0,0.00277903,0.0001436886
MIMIC-IV-CaseStudy,1800000,1800000,500,10000,0.95,0.1,10692864000,7485004800,116317688,53464320,2127879935,543732134,32078592,14970009,59647418,13640954096,4865253120000,94097203200000,1.0,0.00280375,0.0001449666
MIMIC-IV-CaseStudy,1800000,1800000,500,10000,0.95,0.5,10692864000,7485004800,141980561,181778688,2127879935,868795200,32078592,32078592,97970643,14175426211,4865253120000,94097203200000,1.0,0.00291361,0.0001506466
MIMIC-IV-CaseStudy,1800000,1800000,500,100000,0.2,0.01,10692864000,7485004800,110543541,24593587,1967486976,183489546,32078592,11120578,28056421,13050233241,4063288320000,940972032000000,1.0,0.00321174,1.38689e-05
MIMIC-IV-CaseStudy,1800000,1800000,500,100000,0.2,0.1,10692864000,7485004800,116317688,53464320,1967486976,198887270,32078592,14970009,32059829,13108128684,4063288320000,940972032000000,1.0,0.00322599,1.39304e-05
MIMIC-IV-CaseStudy,1800000,1800000,500,100000,0.2,0.5,10692864000,7485004800,141980561,181778688,1967486976,267321600,32078592,32078592,49852755,13365441764,4063288320000,940972032000000,1.0,0.00328932,1.42039e-05
MIMIC-IV-CaseStudy,1800000,1800000,500,100000,0.5,0.01,10692864000,7485004800,110543541,24593587,2031644160,298330905,32078592,11120578,37243730,13238419093,4384074239999,940972032000000,1.0,0.00301966,1.40689e-05
MIMIC-IV-CaseStudy,1800000,1800000,500,100000,0.5,0.1,10692864000,7485004800,116317688,53464320,2031644160,336825216,32078592,14970009,43094865,13321258850,4384074239999,940972032000000,1.0,0.00303856,1.41569e-05
MIMIC-IV-CaseStudy,1800000,1800000,500,100000,0.5,0.5,10692864000,7485004800,141980561,181778688,2031644160,507911040,32078592,32078592,69099910,13689435543,4384074239999,940972032000000,1.0,0.00312254,1.45482e-05
MIMIC-IV-CaseStudy,1800000,1800000,500,100000,0.8,0.01,10692864000,7485004800,110543541,24593587,2095801344,413172264,32078592,11120578,46431038,13426604944,4704860160000,940972032000000,1.0,0.00285377,1.42689e-05
MIMIC-IV-CaseStudy,1800000,1800000,500,100000,0.8,0.1,10692864000,7485004800,116317688,53464320,2095801344,474763161,32078592,14970009,54129900,13534389014,4704860160000,940972032000000,1.0,0.00287668,1.43834e-05
MIMIC-IV-CaseStudy,1800000,1800000,500,100000,0.8,0.5,10692864000,7485004800,141980561,181778688,2095801344,748500480,32078592,32078592,88347065,14013429322,4704860160000,940972032000000,1.0,0.0029785,1.48925e-05
MIMIC-IV-CaseStudy,1800000,1800000,500,100000,0.95,0.01,10692864000,7485004800,110543541,24593587,2127879935,470592944,32078592,11120578,51024693,13520697870,4865253120000,940972032000000,1.0,0.00277903,1.43689e-05
MIMIC-IV-CaseStudy,1800000,1800000,500,100000,0.95,0.1,10692864000,7485004800,116317688,53464320,2127879935,543732134,32078592,14970009,59647418,13640954096,4865253120000,940972032000000,1.0,0.00280375,1.44967e-05
MIMIC-IV-CaseStudy,1800000,1800000,500,100000,0.95,0.5,10692864000,7485004800,141980561,181778688,2127879935,868795200,32078592,32078592,97970643,14175426211,4865253120000,940972032000000,1.0,0.00291361,1.50647e-05
