dataset,N,N_indexed,method,method_family,pattern,frac,roles,users,shared_fraction,exception_rate,seed,experiment,revoked_user_drift10,unaffected_user_drift10,unaffected_user_topk_stability,unaffected_user_recall10,view_isolation_violation_rate,revoked_user_drift10_pct,unaffected_user_drift10_pct,unaffected_user_topk_stability_pct,view_isolation_violation_rate_pct,same_role_drift10,different_role_drift10,ancestor_descendant_drift10,same_role_drift10_pct,different_role_drift10_pct,ancestor_descendant_drift10_pct,revoked_user_recall10_after,metric_scope,source_role
LegalBench-RAG,1200000,1200000,Tombstone,zombie_baseline,cluster,0.3,100,10000,0.8,0.1,0,baseline_view_isolation_100roles_80shared_frac0.3,0.20894653,0.00236144,0.99763856,0.973226,0.01130894,20.894653,0.236144,99.763856,1.130894,0.00322107,0.00232461,0.00217652,0.322107,0.232461,0.217652,0.951756,topk_view_drift_not_routing_leakage,fig_recall_b_baseline_view_isolation
LegalBench-RAG,1200000,1200000,Tombstone,zombie_baseline,cluster,0.3,100,10000,0.8,0.1,1,baseline_view_isolation_100roles_80shared_frac0.3,0.20459519,0.00222328,0.99777672,0.970019,0.01222096,20.459519,0.222328,99.777672,1.222096,0.00278334,0.00238223,0.00234512,0.278334,0.238223,0.234512,0.953326,topk_view_drift_not_routing_leakage,fig_recall_b_baseline_view_isolation
LegalBench-RAG,1200000,1200000,Tombstone,zombie_baseline,cluster,0.3,100,10000,0.8,0.1,2,baseline_view_isolation_100roles_80shared_frac0.3,0.19887238,0.00257896,0.99742104,0.972364,0.01210714,19.887238,0.257896,99.742104,1.210714,0.00319042,0.00223515,0.00233703,0.319042,0.223515,0.233703,0.953448,topk_view_drift_not_routing_leakage,fig_recall_b_baseline_view_isolation
LegalBench-RAG,1200000,1200000,Tombstone,zombie_baseline,cluster,0.3,100,10000,0.8,0.1,3,baseline_view_isolation_100roles_80shared_frac0.3,0.21064778,0.00270966,0.99729034,0.97222,0.01139222,21.064778,0.270966,99.729034,1.139222,0.00288254,0.00212476,0.00242485,0.288254,0.212476,0.242485,0.947896,topk_view_drift_not_routing_leakage,fig_recall_b_baseline_view_isolation
LegalBench-RAG,1200000,1200000,Tombstone,zombie_baseline,cluster,0.3,100,10000,0.8,0.1,4,baseline_view_isolation_100roles_80shared_frac0.3,0.19763078,0.00244532,0.99755468,0.974275,0.01298234,19.763078,0.244532,99.755468,1.298234,0.00348774,0.00268957,0.00226811,0.348774,0.268957,0.226811,0.950701,topk_view_drift_not_routing_leakage,fig_recall_b_baseline_view_isolation
LegalBench-RAG,1200000,1200000,Tombstone,zombie_baseline,cluster,0.3,100,10000,0.8,0.1,5,baseline_view_isolation_100roles_80shared_frac0.3,0.1975462,0.00271946,0.99728054,0.972761,0.01261377,19.75462,0.271946,99.728054,1.261377,0.00289183,0.00235336,0.00232142,0.289183,0.235336,0.232142,0.954295,topk_view_drift_not_routing_leakage,fig_recall_b_baseline_view_isolation
LegalBench-RAG,1200000,1200000,Tombstone,zombie_baseline,cluster,0.3,100,10000,0.8,0.1,6,baseline_view_isolation_100roles_80shared_frac0.3,0.21313465,0.00237875,0.99762125,0.970564,0.01198832,21.313465,0.237875,99.762125,1.198832,0.00306295,0.00210697,0.00254426,0.306295,0.210697,0.254426,0.951115,topk_view_drift_not_routing_leakage,fig_recall_b_baseline_view_isolation
LegalBench-RAG,1200000,1200000,Tombstone,zombie_baseline,cluster,0.3,100,10000,0.8,0.1,7,baseline_view_isolation_100roles_80shared_frac0.3,0.22201825,0.00249565,0.99750435,0.974097,0.0117933,22.201825,0.249565,99.750435,1.17933,0.00283366,0.00241876,0.00242163,0.283366,0.241876,0.242163,0.947832,topk_view_drift_not_routing_leakage,fig_recall_b_baseline_view_isolation
LegalBench-RAG,1200000,1200000,Tombstone,zombie_baseline,cluster,0.3,100,10000,0.8,0.1,8,baseline_view_isolation_100roles_80shared_frac0.3,0.20371926,0.00271862,0.99728138,0.973566,0.01189487,20.371926,0.271862,99.728138,1.189487,0.00356749,0.00191402,0.0024497,0.356749,0.191402,0.24497,0.951833,topk_view_drift_not_routing_leakage,fig_recall_b_baseline_view_isolation
LegalBench-RAG,1200000,1200000,Tombstone,zombie_baseline,cluster,0.3,100,10000,0.8,0.1,9,baseline_view_isolation_100roles_80shared_frac0.3,0.2144689,0.00187464,0.99812536,0.969887,0.01186275,21.44689,0.187464,99.812536,1.186275,0.00297071,0.00213618,0.00184612,0.297071,0.213618,0.184612,0.952745,topk_view_drift_not_routing_leakage,fig_recall_b_baseline_view_isolation
MS-MARCO-RBAC,8000000,8000000,Tombstone,zombie_baseline,cluster,0.3,100,10000,0.8,0.1,0,baseline_view_isolation_100roles_80shared_frac0.3,0.20568941,0.00252933,0.99747067,0.97128,0.01286606,20.568941,0.252933,99.747067,1.286606,0.0033136,0.00198926,0.00273565,0.33136,0.198926,0.273565,0.951636,topk_view_drift_not_routing_leakage,fig_recall_b_baseline_view_isolation
MS-MARCO-RBAC,8000000,8000000,Tombstone,zombie_baseline,cluster,0.3,100,10000,0.8,0.1,1,baseline_view_isolation_100roles_80shared_frac0.3,0.21332513,0.0025346,0.9974654,0.972952,0.01296496,21.332513,0.25346,99.74654,1.296496,0.00309541,0.00259951,0.00270098,0.309541,0.259951,0.270098,0.951791,topk_view_drift_not_routing_leakage,fig_recall_b_baseline_view_isolation
MS-MARCO-RBAC,8000000,8000000,Tombstone,zombie_baseline,cluster,0.3,100,10000,0.8,0.1,2,baseline_view_isolation_100roles_80shared_frac0.3,0.22389745,0.00233185,0.99766815,0.973438,0.0122131,22.389745,0.233185,99.766815,1.22131,0.00309047,0.00211886,0.00257972,0.309047,0.211886,0.257972,0.948324,topk_view_drift_not_routing_leakage,fig_recall_b_baseline_view_isolation
MS-MARCO-RBAC,8000000,8000000,Tombstone,zombie_baseline,cluster,0.3,100,10000,0.8,0.1,3,baseline_view_isolation_100roles_80shared_frac0.3,0.2115218,0.00242063,0.99757937,0.970196,0.01275239,21.15218,0.242063,99.757937,1.275239,0.00302228,0.00232694,0.00252292,0.302228,0.232694,0.252292,0.949115,topk_view_drift_not_routing_leakage,fig_recall_b_baseline_view_isolation
MS-MARCO-RBAC,8000000,8000000,Tombstone,zombie_baseline,cluster,0.3,100,10000,0.8,0.1,4,baseline_view_isolation_100roles_80shared_frac0.3,0.21492633,0.00219264,0.99780736,0.97025,0.01289383,21.492633,0.219264,99.780736,1.289383,0.00338527,0.0023179,0.00221097,0.338527,0.23179,0.221097,0.949235,topk_view_drift_not_routing_leakage,fig_recall_b_baseline_view_isolation
MS-MARCO-RBAC,8000000,8000000,Tombstone,zombie_baseline,cluster,0.3,100,10000,0.8,0.1,5,baseline_view_isolation_100roles_80shared_frac0.3,0.21959985,0.00230231,0.99769769,0.970122,0.01224126,21.959985,0.230231,99.769769,1.224126,0.00336067,0.00235625,0.00243597,0.336067,0.235625,0.243597,0.952571,topk_view_drift_not_routing_leakage,fig_recall_b_baseline_view_isolation
MS-MARCO-RBAC,8000000,8000000,Tombstone,zombie_baseline,cluster,0.3,100,10000,0.8,0.1,6,baseline_view_isolation_100roles_80shared_frac0.3,0.22410417,0.00258882,0.99741118,0.973843,0.01186623,22.410417,0.258882,99.741118,1.186623,0.00319093,0.00279779,0.00240151,0.319093,0.279779,0.240151,0.951796,topk_view_drift_not_routing_leakage,fig_recall_b_baseline_view_isolation
MS-MARCO-RBAC,8000000,8000000,Tombstone,zombie_baseline,cluster,0.3,100,10000,0.8,0.1,7,baseline_view_isolation_100roles_80shared_frac0.3,0.21548763,0.00221597,0.99778403,0.970581,0.01289133,21.548763,0.221597,99.778403,1.289133,0.00312126,0.00220781,0.00269884,0.312126,0.220781,0.269884,0.949476,topk_view_drift_not_routing_leakage,fig_recall_b_baseline_view_isolation
MS-MARCO-RBAC,8000000,8000000,Tombstone,zombie_baseline,cluster,0.3,100,10000,0.8,0.1,8,baseline_view_isolation_100roles_80shared_frac0.3,0.20800329,0.00194345,0.99805655,0.972667,0.01163284,20.800329,0.194345,99.805655,1.163284,0.00287182,0.00218185,0.00211229,0.287182,0.218185,0.211229,0.951154,topk_view_drift_not_routing_leakage,fig_recall_b_baseline_view_isolation
MS-MARCO-RBAC,8000000,8000000,Tombstone,zombie_baseline,cluster,0.3,100,10000,0.8,0.1,9,baseline_view_isolation_100roles_80shared_frac0.3,0.21632585,0.00246644,0.99753356,0.970545,0.01264308,21.632585,0.246644,99.753356,1.264308,0.00363196,0.00259526,0.00252245,0.363196,0.259526,0.252245,0.950439,topk_view_drift_not_routing_leakage,fig_recall_b_baseline_view_isolation
SIFT1M,1000000,1000000,Tombstone,zombie_baseline,cluster,0.3,100,10000,0.8,0.1,0,baseline_view_isolation_100roles_80shared_frac0.3,0.19916248,0.00255077,0.99744923,0.972518,0.0118962,19.916248,0.255077,99.744923,1.18962,0.00299522,0.00223684,0.0023507,0.299522,0.223684,0.23507,0.952376,topk_view_drift_not_routing_leakage,fig_recall_b_baseline_view_isolation
SIFT1M,1000000,1000000,Tombstone,zombie_baseline,cluster,0.3,100,10000,0.8,0.1,1,baseline_view_isolation_100roles_80shared_frac0.3,0.20616459,0.00180469,0.99819531,0.971061,0.0109927,20.616459,0.180469,99.819531,1.09927,0.00238788,0.0022426,0.00210954,0.238788,0.22426,0.210954,0.953599,topk_view_drift_not_routing_leakage,fig_recall_b_baseline_view_isolation
SIFT1M,1000000,1000000,Tombstone,zombie_baseline,cluster,0.3,100,10000,0.8,0.1,2,baseline_view_isolation_100roles_80shared_frac0.3,0.20799436,0.00214652,0.99785348,0.972647,0.01152095,20.799436,0.214652,99.785348,1.152095,0.00331198,0.00221514,0.00258024,0.331198,0.221514,0.258024,0.951409,topk_view_drift_not_routing_leakage,fig_recall_b_baseline_view_isolation
SIFT1M,1000000,1000000,Tombstone,zombie_baseline,cluster,0.3,100,10000,0.8,0.1,3,baseline_view_isolation_100roles_80shared_frac0.3,0.19206167,0.00213139,0.99786861,0.973266,0.01087551,19.206167,0.213139,99.786861,1.087551,0.00316134,0.0023577,0.00248731,0.316134,0.23577,0.248731,0.945946,topk_view_drift_not_routing_leakage,fig_recall_b_baseline_view_isolation
SIFT1M,1000000,1000000,Tombstone,zombie_baseline,cluster,0.3,100,10000,0.8,0.1,4,baseline_view_isolation_100roles_80shared_frac0.3,0.20735874,0.00223899,0.99776101,0.972356,0.01050941,20.735874,0.223899,99.776101,1.050941,0.00299399,0.00216114,0.00223843,0.299399,0.216114,0.223843,0.953985,topk_view_drift_not_routing_leakage,fig_recall_b_baseline_view_isolation
SIFT1M,1000000,1000000,Tombstone,zombie_baseline,cluster,0.3,100,10000,0.8,0.1,5,baseline_view_isolation_100roles_80shared_frac0.3,0.19056468,0.00236835,0.99763165,0.970467,0.01174686,19.056468,0.236835,99.763165,1.174686,0.00323113,0.00250438,0.0020107,0.323113,0.250438,0.20107,0.95381,topk_view_drift_not_routing_leakage,fig_recall_b_baseline_view_isolation
SIFT1M,1000000,1000000,Tombstone,zombie_baseline,cluster,0.3,100,10000,0.8,0.1,6,baseline_view_isolation_100roles_80shared_frac0.3,0.20246957,0.00282552,0.99717448,0.972615,0.01165362,20.246957,0.282552,99.717448,1.165362,0.0029421,0.00178425,0.00247226,0.29421,0.178425,0.247226,0.94942,topk_view_drift_not_routing_leakage,fig_recall_b_baseline_view_isolation
SIFT1M,1000000,1000000,Tombstone,zombie_baseline,cluster,0.3,100,10000,0.8,0.1,7,baseline_view_isolation_100roles_80shared_frac0.3,0.19780208,0.00233537,0.99766463,0.969218,0.0120349,19.780208,0.233537,99.766463,1.20349,0.00266847,0.00203154,0.00201555,0.266847,0.203154,0.201555,0.953356,topk_view_drift_not_routing_leakage,fig_recall_b_baseline_view_isolation
SIFT1M,1000000,1000000,Tombstone,zombie_baseline,cluster,0.3,100,10000,0.8,0.1,8,baseline_view_isolation_100roles_80shared_frac0.3,0.19227952,0.00221578,0.99778422,0.970117,0.0106542,19.227952,0.221578,99.778422,1.06542,0.00334647,0.00196541,0.00225008,0.334647,0.196541,0.225008,0.952102,topk_view_drift_not_routing_leakage,fig_recall_b_baseline_view_isolation
SIFT1M,1000000,1000000,Tombstone,zombie_baseline,cluster,0.3,100,10000,0.8,0.1,9,baseline_view_isolation_100roles_80shared_frac0.3,0.19934972,0.00246401,0.99753599,0.968732,0.01095993,19.934972,0.246401,99.753599,1.095993,0.00270126,0.00281955,0.00238059,0.270126,0.281955,0.238059,0.9521,topk_view_drift_not_routing_leakage,fig_recall_b_baseline_view_isolation
MIMIC-IV-CaseStudy,1800000,1800000,Tombstone,zombie_baseline,cluster,0.3,100,10000,0.8,0.1,0,baseline_view_isolation_100roles_80shared_frac0.3,0.21486483,0.00281702,0.99718298,0.972689,0.011756,21.486483,0.281702,99.718298,1.1756,0.00305785,0.00256761,0.00271155,0.305785,0.256761,0.271155,0.949258,topk_view_drift_not_routing_leakage,fig_recall_b_baseline_view_isolation
MIMIC-IV-CaseStudy,1800000,1800000,Tombstone,zombie_baseline,cluster,0.3,100,10000,0.8,0.1,1,baseline_view_isolation_100roles_80shared_frac0.3,0.21267363,0.00251404,0.99748596,0.973733,0.01258873,21.267363,0.251404,99.748596,1.258873,0.00319783,0.00263058,0.00230054,0.319783,0.263058,0.230054,0.949968,topk_view_drift_not_routing_leakage,fig_recall_b_baseline_view_isolation
MIMIC-IV-CaseStudy,1800000,1800000,Tombstone,zombie_baseline,cluster,0.3,100,10000,0.8,0.1,2,baseline_view_isolation_100roles_80shared_frac0.3,0.22559474,0.00236089,0.99763911,0.970483,0.01168924,22.559474,0.236089,99.763911,1.168924,0.00340887,0.00219834,0.00243046,0.340887,0.219834,0.243046,0.951221,topk_view_drift_not_routing_leakage,fig_recall_b_baseline_view_isolation
MIMIC-IV-CaseStudy,1800000,1800000,Tombstone,zombie_baseline,cluster,0.3,100,10000,0.8,0.1,3,baseline_view_isolation_100roles_80shared_frac0.3,0.2137972,0.00212441,0.99787559,0.969279,0.01200518,21.37972,0.212441,99.787559,1.200518,0.00343055,0.0023623,0.00238197,0.343055,0.23623,0.238197,0.950734,topk_view_drift_not_routing_leakage,fig_recall_b_baseline_view_isolation
MIMIC-IV-CaseStudy,1800000,1800000,Tombstone,zombie_baseline,cluster,0.3,100,10000,0.8,0.1,4,baseline_view_isolation_100roles_80shared_frac0.3,0.22794556,0.00247554,0.99752446,0.971246,0.01191019,22.794556,0.247554,99.752446,1.191019,0.00316478,0.00255817,0.00216457,0.316478,0.255817,0.216457,0.950751,topk_view_drift_not_routing_leakage,fig_recall_b_baseline_view_isolation
MIMIC-IV-CaseStudy,1800000,1800000,Tombstone,zombie_baseline,cluster,0.3,100,10000,0.8,0.1,5,baseline_view_isolation_100roles_80shared_frac0.3,0.22625227,0.00271345,0.99728655,0.971459,0.01270146,22.625227,0.271345,99.728655,1.270146,0.00266011,0.00242218,0.00268029,0.266011,0.242218,0.268029,0.952331,topk_view_drift_not_routing_leakage,fig_recall_b_baseline_view_isolation
MIMIC-IV-CaseStudy,1800000,1800000,Tombstone,zombie_baseline,cluster,0.3,100,10000,0.8,0.1,6,baseline_view_isolation_100roles_80shared_frac0.3,0.21549174,0.00198483,0.99801517,0.972349,0.0116082,21.549174,0.198483,99.801517,1.16082,0.00319251,0.00231642,0.0024218,0.319251,0.231642,0.24218,0.951718,topk_view_drift_not_routing_leakage,fig_recall_b_baseline_view_isolation
MIMIC-IV-CaseStudy,1800000,1800000,Tombstone,zombie_baseline,cluster,0.3,100,10000,0.8,0.1,7,baseline_view_isolation_100roles_80shared_frac0.3,0.20674269,0.00289071,0.99710929,0.970367,0.01233196,20.674269,0.289071,99.710929,1.233196,0.00310356,0.00223674,0.00240816,0.310356,0.223674,0.240816,0.953842,topk_view_drift_not_routing_leakage,fig_recall_b_baseline_view_isolation
MIMIC-IV-CaseStudy,1800000,1800000,Tombstone,zombie_baseline,cluster,0.3,100,10000,0.8,0.1,8,baseline_view_isolation_100roles_80shared_frac0.3,0.21008593,0.00257752,0.99742248,0.969955,0.01321052,21.008593,0.257752,99.742248,1.321052,0.00287696,0.00213959,0.00278166,0.287696,0.213959,0.278166,0.951321,topk_view_drift_not_routing_leakage,fig_recall_b_baseline_view_isolation
MIMIC-IV-CaseStudy,1800000,1800000,Tombstone,zombie_baseline,cluster,0.3,100,10000,0.8,0.1,9,baseline_view_isolation_100roles_80shared_frac0.3,0.21888315,0.00242838,0.99757162,0.972003,0.01222453,21.888315,0.242838,99.757162,1.222453,0.00319176,0.00207248,0.00276757,0.319176,0.207248,0.276757,0.949321,topk_view_drift_not_routing_leakage,fig_recall_b_baseline_view_isolation
LegalBench-RAG,1200000,1200000,Post-filter,filtering_baseline,cluster,0.3,100,10000,0.8,0.1,0,baseline_view_isolation_100roles_80shared_frac0.3,0.0988608,0.02134541,0.97865459,0.967135,0.06829083,9.88608,2.134541,97.865459,6.829083,0.02361022,0.02098894,0.01861357,2.361022,2.098894,1.861357,0.955739,topk_view_drift_not_routing_leakage,fig_recall_b_baseline_view_isolation
LegalBench-RAG,1200000,1200000,Post-filter,filtering_baseline,cluster,0.3,100,10000,0.8,0.1,1,baseline_view_isolation_100roles_80shared_frac0.3,0.10078991,0.02362202,0.97637798,0.966441,0.06465105,10.078991,2.362202,97.637798,6.465105,0.02438645,0.01978909,0.01880782,2.438645,1.978909,1.880782,0.958492,topk_view_drift_not_routing_leakage,fig_recall_b_baseline_view_isolation
LegalBench-RAG,1200000,1200000,Post-filter,filtering_baseline,cluster,0.3,100,10000,0.8,0.1,2,baseline_view_isolation_100roles_80shared_frac0.3,0.09525672,0.02089266,0.97910734,0.965949,0.07047413,9.525672,2.089266,97.910734,7.047413,0.02423225,0.02005016,0.01959457,2.423225,2.005016,1.959457,0.957975,topk_view_drift_not_routing_leakage,fig_recall_b_baseline_view_isolation
LegalBench-RAG,1200000,1200000,Post-filter,filtering_baseline,cluster,0.3,100,10000,0.8,0.1,3,baseline_view_isolation_100roles_80shared_frac0.3,0.09196912,0.02048099,0.97951901,0.96805,0.06716688,9.196912,2.048099,97.951901,6.716688,0.02408093,0.02107926,0.02033707,2.408093,2.107926,2.033707,0.963712,topk_view_drift_not_routing_leakage,fig_recall_b_baseline_view_isolation
LegalBench-RAG,1200000,1200000,Post-filter,filtering_baseline,cluster,0.3,100,10000,0.8,0.1,4,baseline_view_isolation_100roles_80shared_frac0.3,0.09115367,0.01948607,0.98051393,0.964651,0.0651676,9.115367,1.948607,98.051393,6.51676,0.0231331,0.02069368,0.01872267,2.31331,2.069368,1.872267,0.960467,topk_view_drift_not_routing_leakage,fig_recall_b_baseline_view_isolation
LegalBench-RAG,1200000,1200000,Post-filter,filtering_baseline,cluster,0.3,100,10000,0.8,0.1,5,baseline_view_isolation_100roles_80shared_frac0.3,0.09423579,0.02150043,0.97849957,0.965435,0.0692968,9.423579,2.150043,97.849957,6.92968,0.02406255,0.02155918,0.01966913,2.406255,2.155918,1.966913,0.95671,topk_view_drift_not_routing_leakage,fig_recall_b_baseline_view_isolation
LegalBench-RAG,1200000,1200000,Post-filter,filtering_baseline,cluster,0.3,100,10000,0.8,0.1,6,baseline_view_isolation_100roles_80shared_frac0.3,0.09344287,0.02095955,0.97904045,0.967445,0.07004055,9.344287,2.095955,97.904045,7.004055,0.02396314,0.02138097,0.01957219,2.396314,2.138097,1.957219,0.956992,topk_view_drift_not_routing_leakage,fig_recall_b_baseline_view_isolation
LegalBench-RAG,1200000,1200000,Post-filter,filtering_baseline,cluster,0.3,100,10000,0.8,0.1,7,baseline_view_isolation_100roles_80shared_frac0.3,0.09031919,0.02118277,0.97881723,0.965174,0.06824449,9.031919,2.118277,97.881723,6.824449,0.0243046,0.01938091,0.01896985,2.43046,1.938091,1.896985,0.958853,topk_view_drift_not_routing_leakage,fig_recall_b_baseline_view_isolation
LegalBench-RAG,1200000,1200000,Post-filter,filtering_baseline,cluster,0.3,100,10000,0.8,0.1,8,baseline_view_isolation_100roles_80shared_frac0.3,0.08750486,0.02061436,0.97938564,0.967687,0.06359202,8.750486,2.061436,97.938564,6.359202,0.02416113,0.01958535,0.01905196,2.416113,1.958535,1.905196,0.959771,topk_view_drift_not_routing_leakage,fig_recall_b_baseline_view_isolation
LegalBench-RAG,1200000,1200000,Post-filter,filtering_baseline,cluster,0.3,100,10000,0.8,0.1,9,baseline_view_isolation_100roles_80shared_frac0.3,0.09326515,0.02237303,0.97762697,0.969903,0.068165,9.326515,2.237303,97.762697,6.8165,0.02337125,0.02094716,0.01904104,2.337125,2.094716,1.904104,0.956522,topk_view_drift_not_routing_leakage,fig_recall_b_baseline_view_isolation
MS-MARCO-RBAC,8000000,8000000,Post-filter,filtering_baseline,cluster,0.3,100,10000,0.8,0.1,0,baseline_view_isolation_100roles_80shared_frac0.3,0.08996797,0.02244208,0.97755792,0.967339,0.07030854,8.996797,2.244208,97.755792,7.030854,0.02359123,0.02179458,0.0194514,2.359123,2.179458,1.94514,0.958029,topk_view_drift_not_routing_leakage,fig_recall_b_baseline_view_isolation
MS-MARCO-RBAC,8000000,8000000,Post-filter,filtering_baseline,cluster,0.3,100,10000,0.8,0.1,1,baseline_view_isolation_100roles_80shared_frac0.3,0.08444929,0.02165834,0.97834166,0.966074,0.06682169,8.444929,2.165834,97.834166,6.682169,0.02566204,0.0229329,0.01999606,2.566204,2.29329,1.999606,0.959084,topk_view_drift_not_routing_leakage,fig_recall_b_baseline_view_isolation
MS-MARCO-RBAC,8000000,8000000,Post-filter,filtering_baseline,cluster,0.3,100,10000,0.8,0.1,2,baseline_view_isolation_100roles_80shared_frac0.3,0.09523761,0.02117698,0.97882302,0.968423,0.07047108,9.523761,2.117698,97.882302,7.047108,0.02576493,0.02031314,0.02159375,2.576493,2.031314,2.159375,0.957783,topk_view_drift_not_routing_leakage,fig_recall_b_baseline_view_isolation
MS-MARCO-RBAC,8000000,8000000,Post-filter,filtering_baseline,cluster,0.3,100,10000,0.8,0.1,3,baseline_view_isolation_100roles_80shared_frac0.3,0.09893354,0.02392784,0.97607216,0.967832,0.07170745,9.893354,2.392784,97.607216,7.170745,0.02450305,0.02055171,0.01898909,2.450305,2.055171,1.898909,0.961937,topk_view_drift_not_routing_leakage,fig_recall_b_baseline_view_isolation
MS-MARCO-RBAC,8000000,8000000,Post-filter,filtering_baseline,cluster,0.3,100,10000,0.8,0.1,4,baseline_view_isolation_100roles_80shared_frac0.3,0.08983198,0.02182085,0.97817915,0.969987,0.07044183,8.983198,2.182085,97.817915,7.044183,0.02672656,0.0219082,0.01987062,2.672656,2.19082,1.987062,0.957776,topk_view_drift_not_routing_leakage,fig_recall_b_baseline_view_isolation
MS-MARCO-RBAC,8000000,8000000,Post-filter,filtering_baseline,cluster,0.3,100,10000,0.8,0.1,5,baseline_view_isolation_100roles_80shared_frac0.3,0.09746011,0.02191489,0.97808511,0.966858,0.0678573,9.746011,2.191489,97.808511,6.78573,0.02406302,0.02196162,0.02061189,2.406302,2.196162,2.061189,0.957969,topk_view_drift_not_routing_leakage,fig_recall_b_baseline_view_isolation
MS-MARCO-RBAC,8000000,8000000,Post-filter,filtering_baseline,cluster,0.3,100,10000,0.8,0.1,6,baseline_view_isolation_100roles_80shared_frac0.3,0.09010798,0.02317399,0.97682601,0.966107,0.06838239,9.010798,2.317399,97.682601,6.838239,0.02425658,0.02153387,0.01940322,2.425658,2.153387,1.940322,0.957668,topk_view_drift_not_routing_leakage,fig_recall_b_baseline_view_isolation
MS-MARCO-RBAC,8000000,8000000,Post-filter,filtering_baseline,cluster,0.3,100,10000,0.8,0.1,7,baseline_view_isolation_100roles_80shared_frac0.3,0.09662624,0.02227107,0.97772893,0.967718,0.0673624,9.662624,2.227107,97.772893,6.73624,0.02664657,0.0217192,0.01828224,2.664657,2.17192,1.828224,0.955654,topk_view_drift_not_routing_leakage,fig_recall_b_baseline_view_isolation
MS-MARCO-RBAC,8000000,8000000,Post-filter,filtering_baseline,cluster,0.3,100,10000,0.8,0.1,8,baseline_view_isolation_100roles_80shared_frac0.3,0.09260347,0.01936268,0.98063732,0.966278,0.07284635,9.260347,1.936268,98.063732,7.284635,0.02385669,0.02190945,0.01961437,2.385669,2.190945,1.961437,0.960381,topk_view_drift_not_routing_leakage,fig_recall_b_baseline_view_isolation
MS-MARCO-RBAC,8000000,8000000,Post-filter,filtering_baseline,cluster,0.3,100,10000,0.8,0.1,9,baseline_view_isolation_100roles_80shared_frac0.3,0.09119075,0.02183247,0.97816753,0.967795,0.07411718,9.119075,2.183247,97.816753,7.411718,0.02350584,0.02116574,0.01945842,2.350584,2.116574,1.945842,0.95967,topk_view_drift_not_routing_leakage,fig_recall_b_baseline_view_isolation
SIFT1M,1000000,1000000,Post-filter,filtering_baseline,cluster,0.3,100,10000,0.8,0.1,0,baseline_view_isolation_100roles_80shared_frac0.3,0.08933654,0.02138314,0.97861686,0.967956,0.06371375,8.933654,2.138314,97.861686,6.371375,0.02423225,0.01980648,0.02002619,2.423225,1.980648,2.002619,0.959245,topk_view_drift_not_routing_leakage,fig_recall_b_baseline_view_isolation
SIFT1M,1000000,1000000,Post-filter,filtering_baseline,cluster,0.3,100,10000,0.8,0.1,1,baseline_view_isolation_100roles_80shared_frac0.3,0.08983687,0.02030725,0.97969275,0.966526,0.06347971,8.983687,2.030725,97.969275,6.347971,0.02255962,0.02082583,0.02020157,2.255962,2.082583,2.020157,0.959397,topk_view_drift_not_routing_leakage,fig_recall_b_baseline_view_isolation
SIFT1M,1000000,1000000,Post-filter,filtering_baseline,cluster,0.3,100,10000,0.8,0.1,2,baseline_view_isolation_100roles_80shared_frac0.3,0.08730076,0.02044326,0.97955674,0.966665,0.06123761,8.730076,2.044326,97.955674,6.123761,0.02338291,0.02007707,0.01760386,2.338291,2.007707,1.760386,0.95715,topk_view_drift_not_routing_leakage,fig_recall_b_baseline_view_isolation
SIFT1M,1000000,1000000,Post-filter,filtering_baseline,cluster,0.3,100,10000,0.8,0.1,3,baseline_view_isolation_100roles_80shared_frac0.3,0.0892099,0.02022945,0.97977055,0.968292,0.06447201,8.92099,2.022945,97.977055,6.447201,0.02228572,0.0204247,0.01925929,2.228572,2.04247,1.925929,0.959609,topk_view_drift_not_routing_leakage,fig_recall_b_baseline_view_isolation
SIFT1M,1000000,1000000,Post-filter,filtering_baseline,cluster,0.3,100,10000,0.8,0.1,4,baseline_view_isolation_100roles_80shared_frac0.3,0.09334766,0.01814528,0.98185472,0.966235,0.06261354,9.334766,1.814528,98.185472,6.261354,0.02212277,0.01963144,0.01876514,2.212277,1.963144,1.876514,0.957161,topk_view_drift_not_routing_leakage,fig_recall_b_baseline_view_isolation
SIFT1M,1000000,1000000,Post-filter,filtering_baseline,cluster,0.3,100,10000,0.8,0.1,5,baseline_view_isolation_100roles_80shared_frac0.3,0.08961473,0.02117089,0.97882911,0.963881,0.06506556,8.961473,2.117089,97.882911,6.506556,0.02294853,0.01861444,0.01793602,2.294853,1.861444,1.793602,0.955462,topk_view_drift_not_routing_leakage,fig_recall_b_baseline_view_isolation
SIFT1M,1000000,1000000,Post-filter,filtering_baseline,cluster,0.3,100,10000,0.8,0.1,6,baseline_view_isolation_100roles_80shared_frac0.3,0.08527922,0.02015906,0.97984094,0.965245,0.05994575,8.527922,2.015906,97.984094,5.994575,0.02252564,0.01904019,0.01933629,2.252564,1.904019,1.933629,0.958974,topk_view_drift_not_routing_leakage,fig_recall_b_baseline_view_isolation
SIFT1M,1000000,1000000,Post-filter,filtering_baseline,cluster,0.3,100,10000,0.8,0.1,7,baseline_view_isolation_100roles_80shared_frac0.3,0.08554916,0.01889269,0.98110731,0.967941,0.06099773,8.554916,1.889269,98.110731,6.099773,0.02313641,0.01888162,0.01805415,2.313641,1.888162,1.805415,0.958748,topk_view_drift_not_routing_leakage,fig_recall_b_baseline_view_isolation
SIFT1M,1000000,1000000,Post-filter,filtering_baseline,cluster,0.3,100,10000,0.8,0.1,8,baseline_view_isolation_100roles_80shared_frac0.3,0.08683014,0.01953754,0.98046246,0.970439,0.06548672,8.683014,1.953754,98.046246,6.548672,0.02460063,0.01877569,0.01899841,2.460063,1.877569,1.899841,0.958992,topk_view_drift_not_routing_leakage,fig_recall_b_baseline_view_isolation
SIFT1M,1000000,1000000,Post-filter,filtering_baseline,cluster,0.3,100,10000,0.8,0.1,9,baseline_view_isolation_100roles_80shared_frac0.3,0.0902695,0.0197453,0.9802547,0.966531,0.06822367,9.02695,1.97453,98.02547,6.822367,0.02460615,0.0191752,0.01803362,2.460615,1.91752,1.803362,0.962451,topk_view_drift_not_routing_leakage,fig_recall_b_baseline_view_isolation
MIMIC-IV-CaseStudy,1800000,1800000,Post-filter,filtering_baseline,cluster,0.3,100,10000,0.8,0.1,0,baseline_view_isolation_100roles_80shared_frac0.3,0.09470623,0.02300213,0.97699787,0.967619,0.06912235,9.470623,2.300213,97.699787,6.912235,0.02467287,0.02182652,0.02066061,2.467287,2.182652,2.066061,0.957405,topk_view_drift_not_routing_leakage,fig_recall_b_baseline_view_isolation
MIMIC-IV-CaseStudy,1800000,1800000,Post-filter,filtering_baseline,cluster,0.3,100,10000,0.8,0.1,1,baseline_view_isolation_100roles_80shared_frac0.3,0.09646112,0.02358604,0.97641396,0.967339,0.07575583,9.646112,2.358604,97.641396,7.575583,0.02748139,0.02013788,0.02068889,2.748139,2.013788,2.068889,0.960938,topk_view_drift_not_routing_leakage,fig_recall_b_baseline_view_isolation
MIMIC-IV-CaseStudy,1800000,1800000,Post-filter,filtering_baseline,cluster,0.3,100,10000,0.8,0.1,2,baseline_view_isolation_100roles_80shared_frac0.3,0.09563779,0.023552,0.976448,0.967006,0.07113284,9.563779,2.3552,97.6448,7.113284,0.02515181,0.02170311,0.01966637,2.515181,2.170311,1.966637,0.958773,topk_view_drift_not_routing_leakage,fig_recall_b_baseline_view_isolation
MIMIC-IV-CaseStudy,1800000,1800000,Post-filter,filtering_baseline,cluster,0.3,100,10000,0.8,0.1,3,baseline_view_isolation_100roles_80shared_frac0.3,0.09409286,0.02018131,0.97981869,0.966389,0.07184585,9.409286,2.018131,97.981869,7.184585,0.0233821,0.02094038,0.01866163,2.33821,2.094038,1.866163,0.958884,topk_view_drift_not_routing_leakage,fig_recall_b_baseline_view_isolation
MIMIC-IV-CaseStudy,1800000,1800000,Post-filter,filtering_baseline,cluster,0.3,100,10000,0.8,0.1,4,baseline_view_isolation_100roles_80shared_frac0.3,0.09783437,0.02224635,0.97775365,0.96814,0.06640588,9.783437,2.224635,97.775365,6.640588,0.02746421,0.02161858,0.0205988,2.746421,2.161858,2.05988,0.958905,topk_view_drift_not_routing_leakage,fig_recall_b_baseline_view_isolation
MIMIC-IV-CaseStudy,1800000,1800000,Post-filter,filtering_baseline,cluster,0.3,100,10000,0.8,0.1,5,baseline_view_isolation_100roles_80shared_frac0.3,0.09020002,0.02343831,0.97656169,0.965313,0.07272849,9.020002,2.343831,97.656169,7.272849,0.02373409,0.02173516,0.0201977,2.373409,2.173516,2.01977,0.952665,topk_view_drift_not_routing_leakage,fig_recall_b_baseline_view_isolation
MIMIC-IV-CaseStudy,1800000,1800000,Post-filter,filtering_baseline,cluster,0.3,100,10000,0.8,0.1,6,baseline_view_isolation_100roles_80shared_frac0.3,0.09467501,0.02354465,0.97645535,0.966021,0.07088909,9.467501,2.354465,97.645535,7.088909,0.02394414,0.02176591,0.02022143,2.394414,2.176591,2.022143,0.95468,topk_view_drift_not_routing_leakage,fig_recall_b_baseline_view_isolation
MIMIC-IV-CaseStudy,1800000,1800000,Post-filter,filtering_baseline,cluster,0.3,100,10000,0.8,0.1,7,baseline_view_isolation_100roles_80shared_frac0.3,0.10234734,0.02249334,0.97750666,0.967441,0.07318394,10.234734,2.249334,97.750666,7.318394,0.0246402,0.0232279,0.01937959,2.46402,2.32279,1.937959,0.957645,topk_view_drift_not_routing_leakage,fig_recall_b_baseline_view_isolation
MIMIC-IV-CaseStudy,1800000,1800000,Post-filter,filtering_baseline,cluster,0.3,100,10000,0.8,0.1,8,baseline_view_isolation_100roles_80shared_frac0.3,0.09330919,0.02337824,0.97662176,0.966662,0.06884128,9.330919,2.337824,97.662176,6.884128,0.02579155,0.02091374,0.02144543,2.579155,2.091374,2.144543,0.95901,topk_view_drift_not_routing_leakage,fig_recall_b_baseline_view_isolation
MIMIC-IV-CaseStudy,1800000,1800000,Post-filter,filtering_baseline,cluster,0.3,100,10000,0.8,0.1,9,baseline_view_isolation_100roles_80shared_frac0.3,0.10295456,0.02252531,0.97747469,0.966363,0.06945282,10.295456,2.252531,97.747469,6.945282,0.02145485,0.02163304,0.0206141,2.145485,2.163304,2.06141,0.957947,topk_view_drift_not_routing_leakage,fig_recall_b_baseline_view_isolation
LegalBench-RAG,1200000,1200000,Physical-delete,global_delete_baseline,cluster,0.3,100,10000,0.8,0.1,0,baseline_view_isolation_100roles_80shared_frac0.3,0.07049773,0.09675621,0.90324379,0.957955,0.39870413,7.049773,9.675621,90.324379,39.870413,0.09642638,0.1095832,0.10499023,9.642638,10.95832,10.499023,0.952953,topk_view_drift_not_routing_leakage,fig_recall_b_baseline_view_isolation
LegalBench-RAG,1200000,1200000,Physical-delete,global_delete_baseline,cluster,0.3,100,10000,0.8,0.1,1,baseline_view_isolation_100roles_80shared_frac0.3,0.06538002,0.11105638,0.88894362,0.953542,0.38988399,6.538002,11.105638,88.894362,38.988399,0.10999879,0.10221788,0.0980556,10.999879,10.221788,9.80556,0.954585,topk_view_drift_not_routing_leakage,fig_recall_b_baseline_view_isolation
LegalBench-RAG,1200000,1200000,Physical-delete,global_delete_baseline,cluster,0.3,100,10000,0.8,0.1,2,baseline_view_isolation_100roles_80shared_frac0.3,0.07191328,0.10104988,0.89895012,0.955486,0.38679041,7.191328,10.104988,89.895012,38.679041,0.10633728,0.09839343,0.10759433,10.633728,9.839343,10.759433,0.955744,topk_view_drift_not_routing_leakage,fig_recall_b_baseline_view_isolation
LegalBench-RAG,1200000,1200000,Physical-delete,global_delete_baseline,cluster,0.3,100,10000,0.8,0.1,3,baseline_view_isolation_100roles_80shared_frac0.3,0.07069648,0.10637201,0.89362799,0.956801,0.40168614,7.069648,10.637201,89.362799,40.168614,0.10731736,0.10539007,0.11631049,10.731736,10.539007,11.631049,0.954257,topk_view_drift_not_routing_leakage,fig_recall_b_baseline_view_isolation
LegalBench-RAG,1200000,1200000,Physical-delete,global_delete_baseline,cluster,0.3,100,10000,0.8,0.1,4,baseline_view_isolation_100roles_80shared_frac0.3,0.06719601,0.11390935,0.88609065,0.956239,0.38456515,6.719601,11.390935,88.609065,38.456515,0.10074629,0.10282463,0.10204386,10.074629,10.282463,10.204386,0.954857,topk_view_drift_not_routing_leakage,fig_recall_b_baseline_view_isolation
LegalBench-RAG,1200000,1200000,Physical-delete,global_delete_baseline,cluster,0.3,100,10000,0.8,0.1,5,baseline_view_isolation_100roles_80shared_frac0.3,0.06276974,0.09881325,0.90118675,0.955747,0.39170045,6.276974,9.881325,90.118675,39.170045,0.10271824,0.10426692,0.10075827,10.271824,10.426692,10.075827,0.955311,topk_view_drift_not_routing_leakage,fig_recall_b_baseline_view_isolation
LegalBench-RAG,1200000,1200000,Physical-delete,global_delete_baseline,cluster,0.3,100,10000,0.8,0.1,6,baseline_view_isolation_100roles_80shared_frac0.3,0.0729415,0.11294618,0.88705382,0.954019,0.39309822,7.29415,11.294618,88.705382,39.309822,0.09974175,0.09633809,0.09916496,9.974175,9.633809,9.916496,0.953628,topk_view_drift_not_routing_leakage,fig_recall_b_baseline_view_isolation
LegalBench-RAG,1200000,1200000,Physical-delete,global_delete_baseline,cluster,0.3,100,10000,0.8,0.1,7,baseline_view_isolation_100roles_80shared_frac0.3,0.07137368,0.10804245,0.89195755,0.957529,0.38886757,7.137368,10.804245,89.195755,38.886757,0.10888674,0.10278098,0.09520983,10.888674,10.278098,9.520983,0.955752,topk_view_drift_not_routing_leakage,fig_recall_b_baseline_view_isolation
LegalBench-RAG,1200000,1200000,Physical-delete,global_delete_baseline,cluster,0.3,100,10000,0.8,0.1,8,baseline_view_isolation_100roles_80shared_frac0.3,0.07160353,0.10293869,0.89706131,0.956956,0.39896615,7.160353,10.293869,89.706131,39.896615,0.10963782,0.09779906,0.10379687,10.963782,9.779906,10.379687,0.954372,topk_view_drift_not_routing_leakage,fig_recall_b_baseline_view_isolation
LegalBench-RAG,1200000,1200000,Physical-delete,global_delete_baseline,cluster,0.3,100,10000,0.8,0.1,9,baseline_view_isolation_100roles_80shared_frac0.3,0.08109628,0.11078652,0.88921348,0.954463,0.39446579,8.109628,11.078652,88.921348,39.446579,0.10487493,0.10080231,0.10718152,10.487493,10.080231,10.718152,0.949279,topk_view_drift_not_routing_leakage,fig_recall_b_baseline_view_isolation
MS-MARCO-RBAC,8000000,8000000,Physical-delete,global_delete_baseline,cluster,0.3,100,10000,0.8,0.1,0,baseline_view_isolation_100roles_80shared_frac0.3,0.07415836,0.10336802,0.89663198,0.95583,0.39351433,7.415836,10.336802,89.663198,39.351433,0.11091926,0.10803959,0.10742983,11.091926,10.803959,10.742983,0.959342,topk_view_drift_not_routing_leakage,fig_recall_b_baseline_view_isolation
MS-MARCO-RBAC,8000000,8000000,Physical-delete,global_delete_baseline,cluster,0.3,100,10000,0.8,0.1,1,baseline_view_isolation_100roles_80shared_frac0.3,0.07285362,0.10311215,0.89688785,0.954361,0.39819382,7.285362,10.311215,89.688785,39.819382,0.10441249,0.11133667,0.11529746,10.441249,11.133667,11.529746,0.95251,topk_view_drift_not_routing_leakage,fig_recall_b_baseline_view_isolation
MS-MARCO-RBAC,8000000,8000000,Physical-delete,global_delete_baseline,cluster,0.3,100,10000,0.8,0.1,2,baseline_view_isolation_100roles_80shared_frac0.3,0.07750171,0.10590505,0.89409495,0.955501,0.39989032,7.750171,10.590505,89.409495,39.989032,0.09878564,0.11307073,0.10233847,9.878564,11.307073,10.233847,0.955631,topk_view_drift_not_routing_leakage,fig_recall_b_baseline_view_isolation
MS-MARCO-RBAC,8000000,8000000,Physical-delete,global_delete_baseline,cluster,0.3,100,10000,0.8,0.1,3,baseline_view_isolation_100roles_80shared_frac0.3,0.07162112,0.10635673,0.89364327,0.955366,0.38858299,7.162112,10.635673,89.364327,38.858299,0.11208465,0.09831692,0.09878729,11.208465,9.831692,9.878729,0.953408,topk_view_drift_not_routing_leakage,fig_recall_b_baseline_view_isolation
MS-MARCO-RBAC,8000000,8000000,Physical-delete,global_delete_baseline,cluster,0.3,100,10000,0.8,0.1,4,baseline_view_isolation_100roles_80shared_frac0.3,0.06941909,0.09807451,0.90192549,0.953461,0.39485942,6.941909,9.807451,90.192549,39.485942,0.11730036,0.10059341,0.10068141,11.730036,10.059341,10.068141,0.956603,topk_view_drift_not_routing_leakage,fig_recall_b_baseline_view_isolation
MS-MARCO-RBAC,8000000,8000000,Physical-delete,global_delete_baseline,cluster,0.3,100,10000,0.8,0.1,5,baseline_view_isolation_100roles_80shared_frac0.3,0.07211911,0.10749902,0.89250098,0.956675,0.39419105,7.211911,10.749902,89.250098,39.419105,0.1105966,0.10862832,0.10135834,11.05966,10.862832,10.135834,0.954442,topk_view_drift_not_routing_leakage,fig_recall_b_baseline_view_isolation
MS-MARCO-RBAC,8000000,8000000,Physical-delete,global_delete_baseline,cluster,0.3,100,10000,0.8,0.1,6,baseline_view_isolation_100roles_80shared_frac0.3,0.07368118,0.09234286,0.90765714,0.957997,0.38775233,7.368118,9.234286,90.765714,38.775233,0.1059078,0.11165461,0.09889319,10.59078,11.165461,9.889319,0.956907,topk_view_drift_not_routing_leakage,fig_recall_b_baseline_view_isolation
MS-MARCO-RBAC,8000000,8000000,Physical-delete,global_delete_baseline,cluster,0.3,100,10000,0.8,0.1,7,baseline_view_isolation_100roles_80shared_frac0.3,0.07526118,0.10901607,0.89098393,0.954489,0.39918859,7.526118,10.901607,89.098393,39.918859,0.11056923,0.11534349,0.10224351,11.056923,11.534349,10.224351,0.954965,topk_view_drift_not_routing_leakage,fig_recall_b_baseline_view_isolation
MS-MARCO-RBAC,8000000,8000000,Physical-delete,global_delete_baseline,cluster,0.3,100,10000,0.8,0.1,8,baseline_view_isolation_100roles_80shared_frac0.3,0.0670221,0.11073266,0.88926734,0.95476,0.40210776,6.70221,11.073266,88.926734,40.210776,0.1085555,0.10870962,0.10047909,10.85555,10.870962,10.047909,0.954344,topk_view_drift_not_routing_leakage,fig_recall_b_baseline_view_isolation
MS-MARCO-RBAC,8000000,8000000,Physical-delete,global_delete_baseline,cluster,0.3,100,10000,0.8,0.1,9,baseline_view_isolation_100roles_80shared_frac0.3,0.07087568,0.09728609,0.90271391,0.958539,0.38163028,7.087568,9.728609,90.271391,38.163028,0.10506927,0.09895052,0.10567019,10.506927,9.895052,10.567019,0.953215,topk_view_drift_not_routing_leakage,fig_recall_b_baseline_view_isolation
SIFT1M,1000000,1000000,Physical-delete,global_delete_baseline,cluster,0.3,100,10000,0.8,0.1,0,baseline_view_isolation_100roles_80shared_frac0.3,0.06924197,0.09233323,0.90766677,0.955073,0.36788601,6.924197,9.233323,90.766677,36.788601,0.10519624,0.09822198,0.09543335,10.519624,9.822198,9.543335,0.956436,topk_view_drift_not_routing_leakage,fig_recall_b_baseline_view_isolation
SIFT1M,1000000,1000000,Physical-delete,global_delete_baseline,cluster,0.3,100,10000,0.8,0.1,1,baseline_view_isolation_100roles_80shared_frac0.3,0.06953159,0.10785352,0.89214648,0.955123,0.36872926,6.953159,10.785352,89.214648,36.872926,0.09837325,0.10162927,0.09713991,9.837325,10.162927,9.713991,0.954024,topk_view_drift_not_routing_leakage,fig_recall_b_baseline_view_isolation
SIFT1M,1000000,1000000,Physical-delete,global_delete_baseline,cluster,0.3,100,10000,0.8,0.1,2,baseline_view_isolation_100roles_80shared_frac0.3,0.06454986,0.09333609,0.90666391,0.95497,0.37049058,6.454986,9.333609,90.666391,37.049058,0.10250825,0.09671345,0.10048549,10.250825,9.671345,10.048549,0.952501,topk_view_drift_not_routing_leakage,fig_recall_b_baseline_view_isolation
SIFT1M,1000000,1000000,Physical-delete,global_delete_baseline,cluster,0.3,100,10000,0.8,0.1,3,baseline_view_isolation_100roles_80shared_frac0.3,0.06989921,0.09692983,0.90307017,0.956751,0.37003656,6.989921,9.692983,90.307017,37.003656,0.10673666,0.10188556,0.10432711,10.673666,10.188556,10.432711,0.956444,topk_view_drift_not_routing_leakage,fig_recall_b_baseline_view_isolation
SIFT1M,1000000,1000000,Physical-delete,global_delete_baseline,cluster,0.3,100,10000,0.8,0.1,4,baseline_view_isolation_100roles_80shared_frac0.3,0.06999419,0.10175732,0.89824268,0.955662,0.36641505,6.999419,10.175732,89.824268,36.641505,0.11082045,0.09317835,0.08680352,11.082045,9.317835,8.680352,0.953999,topk_view_drift_not_routing_leakage,fig_recall_b_baseline_view_isolation
SIFT1M,1000000,1000000,Physical-delete,global_delete_baseline,cluster,0.3,100,10000,0.8,0.1,5,baseline_view_isolation_100roles_80shared_frac0.3,0.07130383,0.10687834,0.89312166,0.955908,0.36904895,7.130383,10.687834,89.312166,36.904895,0.10541002,0.09461788,0.09869021,10.541002,9.461788,9.869021,0.956662,topk_view_drift_not_routing_leakage,fig_recall_b_baseline_view_isolation
SIFT1M,1000000,1000000,Physical-delete,global_delete_baseline,cluster,0.3,100,10000,0.8,0.1,6,baseline_view_isolation_100roles_80shared_frac0.3,0.06968041,0.09239107,0.90760893,0.95541,0.36223396,6.968041,9.239107,90.760893,36.223396,0.09995334,0.10159035,0.08889578,9.995334,10.159035,8.889578,0.954882,topk_view_drift_not_routing_leakage,fig_recall_b_baseline_view_isolation
SIFT1M,1000000,1000000,Physical-delete,global_delete_baseline,cluster,0.3,100,10000,0.8,0.1,7,baseline_view_isolation_100roles_80shared_frac0.3,0.06325811,0.09456573,0.90543427,0.958283,0.37151302,6.325811,9.456573,90.543427,37.151302,0.10164879,0.09467302,0.09465008,10.164879,9.467302,9.465008,0.956671,topk_view_drift_not_routing_leakage,fig_recall_b_baseline_view_isolation
SIFT1M,1000000,1000000,Physical-delete,global_delete_baseline,cluster,0.3,100,10000,0.8,0.1,8,baseline_view_isolation_100roles_80shared_frac0.3,0.06341508,0.09625446,0.90374554,0.957301,0.37987639,6.341508,9.625446,90.374554,37.987639,0.1008355,0.09345973,0.08835823,10.08355,9.345973,8.835823,0.95379,topk_view_drift_not_routing_leakage,fig_recall_b_baseline_view_isolation
SIFT1M,1000000,1000000,Physical-delete,global_delete_baseline,cluster,0.3,100,10000,0.8,0.1,9,baseline_view_isolation_100roles_80shared_frac0.3,0.0674642,0.09859478,0.90140522,0.957168,0.37553132,6.74642,9.859478,90.140522,37.553132,0.1041342,0.09944399,0.09731907,10.41342,9.944399,9.731907,0.954702,topk_view_drift_not_routing_leakage,fig_recall_b_baseline_view_isolation
MIMIC-IV-CaseStudy,1800000,1800000,Physical-delete,global_delete_baseline,cluster,0.3,100,10000,0.8,0.1,0,baseline_view_isolation_100roles_80shared_frac0.3,0.07171542,0.11128301,0.88871699,0.955337,0.40572789,7.171542,11.128301,88.871699,40.572789,0.11229648,0.10474639,0.10674497,11.229648,10.474639,10.674497,0.953792,topk_view_drift_not_routing_leakage,fig_recall_b_baseline_view_isolation
MIMIC-IV-CaseStudy,1800000,1800000,Physical-delete,global_delete_baseline,cluster,0.3,100,10000,0.8,0.1,1,baseline_view_isolation_100roles_80shared_frac0.3,0.07212716,0.106575,0.893425,0.954305,0.39791576,7.212716,10.6575,89.3425,39.791576,0.101602,0.10116079,0.10240608,10.1602,10.116079,10.240608,0.953495,topk_view_drift_not_routing_leakage,fig_recall_b_baseline_view_isolation
MIMIC-IV-CaseStudy,1800000,1800000,Physical-delete,global_delete_baseline,cluster,0.3,100,10000,0.8,0.1,2,baseline_view_isolation_100roles_80shared_frac0.3,0.06679449,0.09939006,0.90060994,0.956567,0.39494555,6.679449,9.939006,90.060994,39.494555,0.11566315,0.10981665,0.10266549,11.566315,10.981665,10.266549,0.954343,topk_view_drift_not_routing_leakage,fig_recall_b_baseline_view_isolation
MIMIC-IV-CaseStudy,1800000,1800000,Physical-delete,global_delete_baseline,cluster,0.3,100,10000,0.8,0.1,3,baseline_view_isolation_100roles_80shared_frac0.3,0.07260761,0.1089069,0.8910931,0.957944,0.40113707,7.260761,10.89069,89.10931,40.113707,0.10946349,0.11654117,0.10656155,10.946349,11.654117,10.656155,0.956056,topk_view_drift_not_routing_leakage,fig_recall_b_baseline_view_isolation
MIMIC-IV-CaseStudy,1800000,1800000,Physical-delete,global_delete_baseline,cluster,0.3,100,10000,0.8,0.1,4,baseline_view_isolation_100roles_80shared_frac0.3,0.07318591,0.10716516,0.89283484,0.954861,0.40299975,7.318591,10.716516,89.283484,40.299975,0.10715016,0.10608032,0.10766886,10.715016,10.608032,10.766886,0.9522,topk_view_drift_not_routing_leakage,fig_recall_b_baseline_view_isolation
MIMIC-IV-CaseStudy,1800000,1800000,Physical-delete,global_delete_baseline,cluster,0.3,100,10000,0.8,0.1,5,baseline_view_isolation_100roles_80shared_frac0.3,0.07574201,0.11505955,0.88494045,0.954542,0.40623447,7.574201,11.505955,88.494045,40.623447,0.12088373,0.10405529,0.09999144,12.088373,10.405529,9.999144,0.955464,topk_view_drift_not_routing_leakage,fig_recall_b_baseline_view_isolation
MIMIC-IV-CaseStudy,1800000,1800000,Physical-delete,global_delete_baseline,cluster,0.3,100,10000,0.8,0.1,6,baseline_view_isolation_100roles_80shared_frac0.3,0.07407419,0.11173967,0.88826033,0.955957,0.40301371,7.407419,11.173967,88.826033,40.301371,0.1155725,0.10252324,0.10591996,11.55725,10.252324,10.591996,0.95734,topk_view_drift_not_routing_leakage,fig_recall_b_baseline_view_isolation
MIMIC-IV-CaseStudy,1800000,1800000,Physical-delete,global_delete_baseline,cluster,0.3,100,10000,0.8,0.1,7,baseline_view_isolation_100roles_80shared_frac0.3,0.07127365,0.10912733,0.89087267,0.955997,0.39861412,7.127365,10.912733,89.087267,39.861412,0.11618731,0.10948167,0.10321609,11.618731,10.948167,10.321609,0.955444,topk_view_drift_not_routing_leakage,fig_recall_b_baseline_view_isolation
MIMIC-IV-CaseStudy,1800000,1800000,Physical-delete,global_delete_baseline,cluster,0.3,100,10000,0.8,0.1,8,baseline_view_isolation_100roles_80shared_frac0.3,0.07262856,0.11533592,0.88466408,0.954767,0.40283527,7.262856,11.533592,88.466408,40.283527,0.11284883,0.10429792,0.10589228,11.284883,10.429792,10.589228,0.952318,topk_view_drift_not_routing_leakage,fig_recall_b_baseline_view_isolation
MIMIC-IV-CaseStudy,1800000,1800000,Physical-delete,global_delete_baseline,cluster,0.3,100,10000,0.8,0.1,9,baseline_view_isolation_100roles_80shared_frac0.3,0.07353117,0.10615893,0.89384107,0.953844,0.41617643,7.353117,10.615893,89.384107,41.617643,0.10982931,0.11084253,0.11054578,10.982931,11.084253,11.054578,0.958813,topk_view_drift_not_routing_leakage,fig_recall_b_baseline_view_isolation
LegalBench-RAG,1200000,1200000,Per-role-index,materialized_role_baseline,cluster,0.3,100,10000,0.8,0.1,0,baseline_view_isolation_100roles_80shared_frac0.3,0.02089455,0.00210627,0.99789373,0.979147,0.01006046,2.089455,0.210627,99.789373,1.006046,0.00251298,0.00231153,0.00171844,0.251298,0.231153,0.171844,0.978926,topk_view_drift_not_routing_leakage,fig_recall_b_baseline_view_isolation
LegalBench-RAG,1200000,1200000,Per-role-index,materialized_role_baseline,cluster,0.3,100,10000,0.8,0.1,1,baseline_view_isolation_100roles_80shared_frac0.3,0.02113031,0.00282868,0.99717132,0.981185,0.01026332,2.113031,0.282868,99.717132,1.026332,0.00250236,0.0019744,0.00221922,0.250236,0.19744,0.221922,0.976664,topk_view_drift_not_routing_leakage,fig_recall_b_baseline_view_isolation
LegalBench-RAG,1200000,1200000,Per-role-index,materialized_role_baseline,cluster,0.3,100,10000,0.8,0.1,2,baseline_view_isolation_100roles_80shared_frac0.3,0.02099217,0.0022876,0.9977124,0.980632,0.009512,2.099217,0.22876,99.77124,0.9512,0.00243122,0.00242617,0.00186251,0.243122,0.242617,0.186251,0.976405,topk_view_drift_not_routing_leakage,fig_recall_b_baseline_view_isolation
LegalBench-RAG,1200000,1200000,Per-role-index,materialized_role_baseline,cluster,0.3,100,10000,0.8,0.1,3,baseline_view_isolation_100roles_80shared_frac0.3,0.02221257,0.00275853,0.99724147,0.981318,0.01033475,2.221257,0.275853,99.724147,1.033475,0.00191445,0.00253145,0.00198134,0.191445,0.253145,0.198134,0.97843,topk_view_drift_not_routing_leakage,fig_recall_b_baseline_view_isolation
LegalBench-RAG,1200000,1200000,Per-role-index,materialized_role_baseline,cluster,0.3,100,10000,0.8,0.1,4,baseline_view_isolation_100roles_80shared_frac0.3,0.02191251,0.00225455,0.99774545,0.979597,0.00970489,2.191251,0.225455,99.774545,0.970489,0.00280457,0.0018658,0.00217203,0.280457,0.18658,0.217203,0.979768,topk_view_drift_not_routing_leakage,fig_recall_b_baseline_view_isolation
LegalBench-RAG,1200000,1200000,Per-role-index,materialized_role_baseline,cluster,0.3,100,10000,0.8,0.1,5,baseline_view_isolation_100roles_80shared_frac0.3,0.02176031,0.00253027,0.99746973,0.975343,0.01024082,2.176031,0.253027,99.746973,1.024082,0.00245886,0.00218065,0.0024128,0.245886,0.218065,0.24128,0.976545,topk_view_drift_not_routing_leakage,fig_recall_b_baseline_view_isolation
LegalBench-RAG,1200000,1200000,Per-role-index,materialized_role_baseline,cluster,0.3,100,10000,0.8,0.1,6,baseline_view_isolation_100roles_80shared_frac0.3,0.02224551,0.0024859,0.9975141,0.981309,0.01018266,2.224551,0.24859,99.75141,1.018266,0.00257421,0.00245655,0.00200256,0.257421,0.245655,0.200256,0.974638,topk_view_drift_not_routing_leakage,fig_recall_b_baseline_view_isolation
LegalBench-RAG,1200000,1200000,Per-role-index,materialized_role_baseline,cluster,0.3,100,10000,0.8,0.1,7,baseline_view_isolation_100roles_80shared_frac0.3,0.01997243,0.00197516,0.99802484,0.978677,0.00965186,1.997243,0.197516,99.802484,0.965186,0.00189318,0.00199952,0.00211352,0.189318,0.199952,0.211352,0.975145,topk_view_drift_not_routing_leakage,fig_recall_b_baseline_view_isolation
LegalBench-RAG,1200000,1200000,Per-role-index,materialized_role_baseline,cluster,0.3,100,10000,0.8,0.1,8,baseline_view_isolation_100roles_80shared_frac0.3,0.0211153,0.0024853,0.9975147,0.97986,0.00925672,2.11153,0.24853,99.75147,0.925672,0.00285489,0.0024494,0.00194594,0.285489,0.24494,0.194594,0.980545,topk_view_drift_not_routing_leakage,fig_recall_b_baseline_view_isolation
LegalBench-RAG,1200000,1200000,Per-role-index,materialized_role_baseline,cluster,0.3,100,10000,0.8,0.1,9,baseline_view_isolation_100roles_80shared_frac0.3,0.02113412,0.00264515,0.99735485,0.980294,0.01044086,2.113412,0.264515,99.735485,1.044086,0.00276634,0.00175145,0.00239834,0.276634,0.175145,0.239834,0.97797,topk_view_drift_not_routing_leakage,fig_recall_b_baseline_view_isolation
MS-MARCO-RBAC,8000000,8000000,Per-role-index,materialized_role_baseline,cluster,0.3,100,10000,0.8,0.1,0,baseline_view_isolation_100roles_80shared_frac0.3,0.02158655,0.00225283,0.99774717,0.979807,0.00962779,2.158655,0.225283,99.774717,0.962779,0.0026813,0.00188326,0.00191844,0.26813,0.188326,0.191844,0.978693,topk_view_drift_not_routing_leakage,fig_recall_b_baseline_view_isolation
MS-MARCO-RBAC,8000000,8000000,Per-role-index,materialized_role_baseline,cluster,0.3,100,10000,0.8,0.1,1,baseline_view_isolation_100roles_80shared_frac0.3,0.02110975,0.00265544,0.99734456,0.978275,0.0100584,2.110975,0.265544,99.734456,1.00584,0.00256039,0.001938,0.00231005,0.256039,0.1938,0.231005,0.980603,topk_view_drift_not_routing_leakage,fig_recall_b_baseline_view_isolation
MS-MARCO-RBAC,8000000,8000000,Per-role-index,materialized_role_baseline,cluster,0.3,100,10000,0.8,0.1,2,baseline_view_isolation_100roles_80shared_frac0.3,0.02152874,0.00208102,0.99791898,0.978814,0.01044747,2.152874,0.208102,99.791898,1.044747,0.00311747,0.00204512,0.00214591,0.311747,0.204512,0.214591,0.978602,topk_view_drift_not_routing_leakage,fig_recall_b_baseline_view_isolation
MS-MARCO-RBAC,8000000,8000000,Per-role-index,materialized_role_baseline,cluster,0.3,100,10000,0.8,0.1,3,baseline_view_isolation_100roles_80shared_frac0.3,0.02206089,0.00233834,0.99766166,0.977107,0.01058982,2.206089,0.233834,99.766166,1.058982,0.00264062,0.00207396,0.00235871,0.264062,0.207396,0.235871,0.977611,topk_view_drift_not_routing_leakage,fig_recall_b_baseline_view_isolation
MS-MARCO-RBAC,8000000,8000000,Per-role-index,materialized_role_baseline,cluster,0.3,100,10000,0.8,0.1,4,baseline_view_isolation_100roles_80shared_frac0.3,0.02060868,0.00223452,0.99776548,0.979526,0.0100309,2.060868,0.223452,99.776548,1.00309,0.00245482,0.00225836,0.00239202,0.245482,0.225836,0.239202,0.97681,topk_view_drift_not_routing_leakage,fig_recall_b_baseline_view_isolation
MS-MARCO-RBAC,8000000,8000000,Per-role-index,materialized_role_baseline,cluster,0.3,100,10000,0.8,0.1,5,baseline_view_isolation_100roles_80shared_frac0.3,0.02180343,0.00188189,0.99811811,0.981259,0.01031439,2.180343,0.188189,99.811811,1.031439,0.00242673,0.00191102,0.00245546,0.242673,0.191102,0.245546,0.977449,topk_view_drift_not_routing_leakage,fig_recall_b_baseline_view_isolation
MS-MARCO-RBAC,8000000,8000000,Per-role-index,materialized_role_baseline,cluster,0.3,100,10000,0.8,0.1,6,baseline_view_isolation_100roles_80shared_frac0.3,0.0211486,0.0024966,0.9975034,0.979939,0.01041151,2.11486,0.24966,99.75034,1.041151,0.00278071,0.00264641,0.00198792,0.278071,0.264641,0.198792,0.979243,topk_view_drift_not_routing_leakage,fig_recall_b_baseline_view_isolation
MS-MARCO-RBAC,8000000,8000000,Per-role-index,materialized_role_baseline,cluster,0.3,100,10000,0.8,0.1,7,baseline_view_isolation_100roles_80shared_frac0.3,0.02239276,0.00257892,0.99742108,0.980855,0.00986816,2.239276,0.257892,99.742108,0.986816,0.0028769,0.00203844,0.00215476,0.28769,0.203844,0.215476,0.977957,topk_view_drift_not_routing_leakage,fig_recall_b_baseline_view_isolation
MS-MARCO-RBAC,8000000,8000000,Per-role-index,materialized_role_baseline,cluster,0.3,100,10000,0.8,0.1,8,baseline_view_isolation_100roles_80shared_frac0.3,0.02318384,0.00235295,0.99764705,0.976966,0.01013978,2.318384,0.235295,99.764705,1.013978,0.00247688,0.00250442,0.00204929,0.247688,0.250442,0.204929,0.978912,topk_view_drift_not_routing_leakage,fig_recall_b_baseline_view_isolation
MS-MARCO-RBAC,8000000,8000000,Per-role-index,materialized_role_baseline,cluster,0.3,100,10000,0.8,0.1,9,baseline_view_isolation_100roles_80shared_frac0.3,0.02210259,0.00222925,0.99777075,0.981559,0.01009253,2.210259,0.222925,99.777075,1.009253,0.00274769,0.00228261,0.00192547,0.274769,0.228261,0.192547,0.978065,topk_view_drift_not_routing_leakage,fig_recall_b_baseline_view_isolation
SIFT1M,1000000,1000000,Per-role-index,materialized_role_baseline,cluster,0.3,100,10000,0.8,0.1,0,baseline_view_isolation_100roles_80shared_frac0.3,0.02027959,0.00242397,0.99757603,0.979144,0.00913208,2.027959,0.242397,99.757603,0.913208,0.00253923,0.00226529,0.00199507,0.253923,0.226529,0.199507,0.978235,topk_view_drift_not_routing_leakage,fig_recall_b_baseline_view_isolation
SIFT1M,1000000,1000000,Per-role-index,materialized_role_baseline,cluster,0.3,100,10000,0.8,0.1,1,baseline_view_isolation_100roles_80shared_frac0.3,0.01846351,0.00245209,0.99754791,0.979183,0.00957316,1.846351,0.245209,99.754791,0.957316,0.00272405,0.00220545,0.00220117,0.272405,0.220545,0.220117,0.97784,topk_view_drift_not_routing_leakage,fig_recall_b_baseline_view_isolation
SIFT1M,1000000,1000000,Per-role-index,materialized_role_baseline,cluster,0.3,100,10000,0.8,0.1,2,baseline_view_isolation_100roles_80shared_frac0.3,0.01990381,0.00212026,0.99787974,0.97938,0.00982816,1.990381,0.212026,99.787974,0.982816,0.00295367,0.001878,0.00227325,0.295367,0.1878,0.227325,0.976501,topk_view_drift_not_routing_leakage,fig_recall_b_baseline_view_isolation
SIFT1M,1000000,1000000,Per-role-index,materialized_role_baseline,cluster,0.3,100,10000,0.8,0.1,3,baseline_view_isolation_100roles_80shared_frac0.3,0.02049943,0.00194583,0.99805417,0.979101,0.00924857,2.049943,0.194583,99.805417,0.924857,0.00279624,0.00239203,0.00238095,0.279624,0.239203,0.238095,0.980893,topk_view_drift_not_routing_leakage,fig_recall_b_baseline_view_isolation
SIFT1M,1000000,1000000,Per-role-index,materialized_role_baseline,cluster,0.3,100,10000,0.8,0.1,4,baseline_view_isolation_100roles_80shared_frac0.3,0.02022638,0.00160338,0.99839662,0.980348,0.00912229,2.022638,0.160338,99.839662,0.912229,0.00266955,0.00197344,0.00154792,0.266955,0.197344,0.154792,0.980887,topk_view_drift_not_routing_leakage,fig_recall_b_baseline_view_isolation
SIFT1M,1000000,1000000,Per-role-index,materialized_role_baseline,cluster,0.3,100,10000,0.8,0.1,5,baseline_view_isolation_100roles_80shared_frac0.3,0.02102452,0.00255814,0.99744186,0.976236,0.00969278,2.102452,0.255814,99.744186,0.969278,0.00266083,0.002297,0.00215861,0.266083,0.2297,0.215861,0.976678,topk_view_drift_not_routing_leakage,fig_recall_b_baseline_view_isolation
SIFT1M,1000000,1000000,Per-role-index,materialized_role_baseline,cluster,0.3,100,10000,0.8,0.1,6,baseline_view_isolation_100roles_80shared_frac0.3,0.01889741,0.00208594,0.99791406,0.977331,0.00906392,1.889741,0.208594,99.791406,0.906392,0.0025729,0.00215378,0.00197834,0.25729,0.215378,0.197834,0.978043,topk_view_drift_not_routing_leakage,fig_recall_b_baseline_view_isolation
SIFT1M,1000000,1000000,Per-role-index,materialized_role_baseline,cluster,0.3,100,10000,0.8,0.1,7,baseline_view_isolation_100roles_80shared_frac0.3,0.0204755,0.00211466,0.99788534,0.978004,0.00973588,2.04755,0.211466,99.788534,0.973588,0.00253281,0.00237403,0.00263432,0.253281,0.237403,0.263432,0.976008,topk_view_drift_not_routing_leakage,fig_recall_b_baseline_view_isolation
SIFT1M,1000000,1000000,Per-role-index,materialized_role_baseline,cluster,0.3,100,10000,0.8,0.1,8,baseline_view_isolation_100roles_80shared_frac0.3,0.0198921,0.00204796,0.99795204,0.977679,0.00879787,1.98921,0.204796,99.795204,0.879787,0.00251117,0.00178571,0.00233001,0.251117,0.178571,0.233001,0.975101,topk_view_drift_not_routing_leakage,fig_recall_b_baseline_view_isolation
SIFT1M,1000000,1000000,Per-role-index,materialized_role_baseline,cluster,0.3,100,10000,0.8,0.1,9,baseline_view_isolation_100roles_80shared_frac0.3,0.01864719,0.00205285,0.99794715,0.979093,0.01028515,1.864719,0.205285,99.794715,1.028515,0.00211732,0.00224685,0.00179916,0.211732,0.224685,0.179916,0.977793,topk_view_drift_not_routing_leakage,fig_recall_b_baseline_view_isolation
MIMIC-IV-CaseStudy,1800000,1800000,Per-role-index,materialized_role_baseline,cluster,0.3,100,10000,0.8,0.1,0,baseline_view_isolation_100roles_80shared_frac0.3,0.02110712,0.00271467,0.99728533,0.979869,0.01027912,2.110712,0.271467,99.728533,1.027912,0.00253976,0.0018907,0.00215713,0.253976,0.18907,0.215713,0.976175,topk_view_drift_not_routing_leakage,fig_recall_b_baseline_view_isolation
MIMIC-IV-CaseStudy,1800000,1800000,Per-role-index,materialized_role_baseline,cluster,0.3,100,10000,0.8,0.1,1,baseline_view_isolation_100roles_80shared_frac0.3,0.02157642,0.0020118,0.9979882,0.980567,0.00997076,2.157642,0.20118,99.79882,0.997076,0.00245776,0.00213915,0.00166041,0.245776,0.213915,0.166041,0.979015,topk_view_drift_not_routing_leakage,fig_recall_b_baseline_view_isolation
MIMIC-IV-CaseStudy,1800000,1800000,Per-role-index,materialized_role_baseline,cluster,0.3,100,10000,0.8,0.1,2,baseline_view_isolation_100roles_80shared_frac0.3,0.02352907,0.00244838,0.99755162,0.978552,0.00947403,2.352907,0.244838,99.755162,0.947403,0.00248757,0.00237496,0.00206222,0.248757,0.237496,0.206222,0.981636,topk_view_drift_not_routing_leakage,fig_recall_b_baseline_view_isolation
MIMIC-IV-CaseStudy,1800000,1800000,Per-role-index,materialized_role_baseline,cluster,0.3,100,10000,0.8,0.1,3,baseline_view_isolation_100roles_80shared_frac0.3,0.02156428,0.0020495,0.9979505,0.980211,0.01117825,2.156428,0.20495,99.79505,1.117825,0.00266498,0.00227968,0.0019122,0.266498,0.227968,0.19122,0.976189,topk_view_drift_not_routing_leakage,fig_recall_b_baseline_view_isolation
MIMIC-IV-CaseStudy,1800000,1800000,Per-role-index,materialized_role_baseline,cluster,0.3,100,10000,0.8,0.1,4,baseline_view_isolation_100roles_80shared_frac0.3,0.02206082,0.00264546,0.99735454,0.97631,0.01051351,2.206082,0.264546,99.735454,1.051351,0.00280642,0.00241951,0.00175669,0.280642,0.241951,0.175669,0.979264,topk_view_drift_not_routing_leakage,fig_recall_b_baseline_view_isolation
MIMIC-IV-CaseStudy,1800000,1800000,Per-role-index,materialized_role_baseline,cluster,0.3,100,10000,0.8,0.1,5,baseline_view_isolation_100roles_80shared_frac0.3,0.02048411,0.00242404,0.99757596,0.981221,0.01060017,2.048411,0.242404,99.757596,1.060017,0.00260666,0.00284488,0.00187539,0.260666,0.284488,0.187539,0.978044,topk_view_drift_not_routing_leakage,fig_recall_b_baseline_view_isolation
MIMIC-IV-CaseStudy,1800000,1800000,Per-role-index,materialized_role_baseline,cluster,0.3,100,10000,0.8,0.1,6,baseline_view_isolation_100roles_80shared_frac0.3,0.02275271,0.00240079,0.99759921,0.982598,0.01080533,2.275271,0.240079,99.759921,1.080533,0.00276999,0.00257481,0.00241955,0.276999,0.257481,0.241955,0.975929,topk_view_drift_not_routing_leakage,fig_recall_b_baseline_view_isolation
MIMIC-IV-CaseStudy,1800000,1800000,Per-role-index,materialized_role_baseline,cluster,0.3,100,10000,0.8,0.1,7,baseline_view_isolation_100roles_80shared_frac0.3,0.02113637,0.00254267,0.99745733,0.979706,0.0102898,2.113637,0.254267,99.745733,1.02898,0.00234902,0.00202485,0.00212336,0.234902,0.202485,0.212336,0.979082,topk_view_drift_not_routing_leakage,fig_recall_b_baseline_view_isolation
MIMIC-IV-CaseStudy,1800000,1800000,Per-role-index,materialized_role_baseline,cluster,0.3,100,10000,0.8,0.1,8,baseline_view_isolation_100roles_80shared_frac0.3,0.02275822,0.0022312,0.9977688,0.981178,0.01071093,2.275822,0.22312,99.77688,1.071093,0.00296323,0.00207446,0.00202525,0.296323,0.207446,0.202525,0.9755,topk_view_drift_not_routing_leakage,fig_recall_b_baseline_view_isolation
MIMIC-IV-CaseStudy,1800000,1800000,Per-role-index,materialized_role_baseline,cluster,0.3,100,10000,0.8,0.1,9,baseline_view_isolation_100roles_80shared_frac0.3,0.02182581,0.00166727,0.99833273,0.979128,0.01046915,2.182581,0.166727,99.833273,1.046915,0.00280025,0.00227687,0.00218427,0.280025,0.227687,0.218427,0.974065,topk_view_drift_not_routing_leakage,fig_recall_b_baseline_view_isolation
LegalBench-RAG,1200000,1200000,Lethe,proposed_method,cluster,0.3,100,10000,0.8,0.1,0,baseline_view_isolation_100roles_80shared_frac0.3,0.01020821,0.00256306,0.99743694,0.98056,0.00596579,1.020821,0.256306,99.743694,0.596579,0.00984687,0.00219562,0.00255862,0.984687,0.219562,0.255862,0.981074,topk_view_drift_not_routing_leakage,fig_recall_b_baseline_view_isolation
LegalBench-RAG,1200000,1200000,Lethe,proposed_method,cluster,0.3,100,10000,0.8,0.1,1,baseline_view_isolation_100roles_80shared_frac0.3,0.01023706,0.00261291,0.99738709,0.976085,0.00549615,1.023706,0.261291,99.738709,0.549615,0.00972874,0.00232878,0.00165946,0.972874,0.232878,0.165946,0.972227,topk_view_drift_not_routing_leakage,fig_recall_b_baseline_view_isolation
LegalBench-RAG,1200000,1200000,Lethe,proposed_method,cluster,0.3,100,10000,0.8,0.1,2,baseline_view_isolation_100roles_80shared_frac0.3,0.01083368,0.00246362,0.99753638,0.976725,0.00598835,1.083368,0.246362,99.753638,0.598835,0.01129662,0.00238362,0.00211807,1.129662,0.238362,0.211807,0.978333,topk_view_drift_not_routing_leakage,fig_recall_b_baseline_view_isolation
LegalBench-RAG,1200000,1200000,Lethe,proposed_method,cluster,0.3,100,10000,0.8,0.1,3,baseline_view_isolation_100roles_80shared_frac0.3,0.01072562,0.00213381,0.99786619,0.979307,0.00574999,1.072562,0.213381,99.786619,0.574999,0.01045569,0.00281754,0.0022233,1.045569,0.281754,0.22233,0.974945,topk_view_drift_not_routing_leakage,fig_recall_b_baseline_view_isolation
LegalBench-RAG,1200000,1200000,Lethe,proposed_method,cluster,0.3,100,10000,0.8,0.1,4,baseline_view_isolation_100roles_80shared_frac0.3,0.01135955,0.0027166,0.9972834,0.979615,0.00576039,1.135955,0.27166,99.72834,0.576039,0.00984012,0.00288907,0.00253004,0.984012,0.288907,0.253004,0.978682,topk_view_drift_not_routing_leakage,fig_recall_b_baseline_view_isolation
LegalBench-RAG,1200000,1200000,Lethe,proposed_method,cluster,0.3,100,10000,0.8,0.1,5,baseline_view_isolation_100roles_80shared_frac0.3,0.01167947,0.00202349,0.99797651,0.977406,0.00569626,1.167947,0.202349,99.797651,0.569626,0.01007919,0.00250591,0.0026457,1.007919,0.250591,0.26457,0.976129,topk_view_drift_not_routing_leakage,fig_recall_b_baseline_view_isolation
LegalBench-RAG,1200000,1200000,Lethe,proposed_method,cluster,0.3,100,10000,0.8,0.1,6,baseline_view_isolation_100roles_80shared_frac0.3,0.01093734,0.00274765,0.99725235,0.975923,0.00540927,1.093734,0.274765,99.725235,0.540927,0.00976769,0.00231546,0.00219606,0.976769,0.231546,0.219606,0.975866,topk_view_drift_not_routing_leakage,fig_recall_b_baseline_view_isolation
LegalBench-RAG,1200000,1200000,Lethe,proposed_method,cluster,0.3,100,10000,0.8,0.1,7,baseline_view_isolation_100roles_80shared_frac0.3,0.01141425,0.00233019,0.99766981,0.974949,0.00566563,1.141425,0.233019,99.766981,0.566563,0.0101006,0.00229998,0.00270191,1.01006,0.229998,0.270191,0.977853,topk_view_drift_not_routing_leakage,fig_recall_b_baseline_view_isolation
LegalBench-RAG,1200000,1200000,Lethe,proposed_method,cluster,0.3,100,10000,0.8,0.1,8,baseline_view_isolation_100roles_80shared_frac0.3,0.01046091,0.00276743,0.99723257,0.979478,0.00599189,1.046091,0.276743,99.723257,0.599189,0.01077652,0.00217884,0.00243009,1.077652,0.217884,0.243009,0.981906,topk_view_drift_not_routing_leakage,fig_recall_b_baseline_view_isolation
LegalBench-RAG,1200000,1200000,Lethe,proposed_method,cluster,0.3,100,10000,0.8,0.1,9,baseline_view_isolation_100roles_80shared_frac0.3,0.0104313,0.00291944,0.99708056,0.978274,0.0065799,1.04313,0.291944,99.708056,0.65799,0.01010994,0.00240328,0.0025376,1.010994,0.240328,0.25376,0.978605,topk_view_drift_not_routing_leakage,fig_recall_b_baseline_view_isolation
MS-MARCO-RBAC,8000000,8000000,Lethe,proposed_method,cluster,0.3,100,10000,0.8,0.1,0,baseline_view_isolation_100roles_80shared_frac0.3,0.01090894,0.00253525,0.99746475,0.977596,0.00597861,1.090894,0.253525,99.746475,0.597861,0.01063901,0.00313317,0.0026017,1.063901,0.313317,0.26017,0.978567,topk_view_drift_not_routing_leakage,fig_recall_b_baseline_view_isolation
MS-MARCO-RBAC,8000000,8000000,Lethe,proposed_method,cluster,0.3,100,10000,0.8,0.1,1,baseline_view_isolation_100roles_80shared_frac0.3,0.01076842,0.00248695,0.99751305,0.977499,0.0058229,1.076842,0.248695,99.751305,0.58229,0.00969003,0.00268899,0.00262298,0.969003,0.268899,0.262298,0.978278,topk_view_drift_not_routing_leakage,fig_recall_b_baseline_view_isolation
MS-MARCO-RBAC,8000000,8000000,Lethe,proposed_method,cluster,0.3,100,10000,0.8,0.1,2,baseline_view_isolation_100roles_80shared_frac0.3,0.01168725,0.00252769,0.99747231,0.97829,0.00653926,1.168725,0.252769,99.747231,0.653926,0.0107988,0.00265189,0.00264689,1.07988,0.265189,0.264689,0.979496,topk_view_drift_not_routing_leakage,fig_recall_b_baseline_view_isolation
MS-MARCO-RBAC,8000000,8000000,Lethe,proposed_method,cluster,0.3,100,10000,0.8,0.1,3,baseline_view_isolation_100roles_80shared_frac0.3,0.01048723,0.00217021,0.99782979,0.981775,0.0058429,1.048723,0.217021,99.782979,0.58429,0.01074208,0.002283,0.00242416,1.074208,0.2283,0.242416,0.983319,topk_view_drift_not_routing_leakage,fig_recall_b_baseline_view_isolation
MS-MARCO-RBAC,8000000,8000000,Lethe,proposed_method,cluster,0.3,100,10000,0.8,0.1,4,baseline_view_isolation_100roles_80shared_frac0.3,0.00993166,0.00249435,0.99750565,0.979016,0.00614465,0.993166,0.249435,99.750565,0.614465,0.00960368,0.0027032,0.00234022,0.960368,0.27032,0.234022,0.980333,topk_view_drift_not_routing_leakage,fig_recall_b_baseline_view_isolation
MS-MARCO-RBAC,8000000,8000000,Lethe,proposed_method,cluster,0.3,100,10000,0.8,0.1,5,baseline_view_isolation_100roles_80shared_frac0.3,0.01088928,0.00297537,0.99702463,0.980177,0.00648632,1.088928,0.297537,99.702463,0.648632,0.0103346,0.00247079,0.00211748,1.03346,0.247079,0.211748,0.978637,topk_view_drift_not_routing_leakage,fig_recall_b_baseline_view_isolation
MS-MARCO-RBAC,8000000,8000000,Lethe,proposed_method,cluster,0.3,100,10000,0.8,0.1,6,baseline_view_isolation_100roles_80shared_frac0.3,0.01083254,0.00270032,0.99729968,0.978718,0.00645472,1.083254,0.270032,99.729968,0.645472,0.00991592,0.00211728,0.00270629,0.991592,0.211728,0.270629,0.975889,topk_view_drift_not_routing_leakage,fig_recall_b_baseline_view_isolation
MS-MARCO-RBAC,8000000,8000000,Lethe,proposed_method,cluster,0.3,100,10000,0.8,0.1,7,baseline_view_isolation_100roles_80shared_frac0.3,0.01128501,0.00219014,0.99780986,0.982308,0.00572662,1.128501,0.219014,99.780986,0.572662,0.01049939,0.00286087,0.00242875,1.049939,0.286087,0.242875,0.97902,topk_view_drift_not_routing_leakage,fig_recall_b_baseline_view_isolation
MS-MARCO-RBAC,8000000,8000000,Lethe,proposed_method,cluster,0.3,100,10000,0.8,0.1,8,baseline_view_isolation_100roles_80shared_frac0.3,0.01103002,0.00236914,0.99763086,0.978931,0.00638718,1.103002,0.236914,99.763086,0.638718,0.01009436,0.00255645,0.00219986,1.009436,0.255645,0.219986,0.978504,topk_view_drift_not_routing_leakage,fig_recall_b_baseline_view_isolation
MS-MARCO-RBAC,8000000,8000000,Lethe,proposed_method,cluster,0.3,100,10000,0.8,0.1,9,baseline_view_isolation_100roles_80shared_frac0.3,0.01082082,0.0025149,0.9974851,0.978679,0.00625123,1.082082,0.25149,99.74851,0.625123,0.00999955,0.00251743,0.00233524,0.999955,0.251743,0.233524,0.97987,topk_view_drift_not_routing_leakage,fig_recall_b_baseline_view_isolation
SIFT1M,1000000,1000000,Lethe,proposed_method,cluster,0.3,100,10000,0.8,0.1,0,baseline_view_isolation_100roles_80shared_frac0.3,0.01001664,0.00247433,0.99752567,0.978754,0.0059807,1.001664,0.247433,99.752567,0.59807,0.00987211,0.00232444,0.00238522,0.987211,0.232444,0.238522,0.975837,topk_view_drift_not_routing_leakage,fig_recall_b_baseline_view_isolation
SIFT1M,1000000,1000000,Lethe,proposed_method,cluster,0.3,100,10000,0.8,0.1,1,baseline_view_isolation_100roles_80shared_frac0.3,0.00960276,0.00218258,0.99781742,0.980925,0.0058055,0.960276,0.218258,99.781742,0.58055,0.01008093,0.00214916,0.00173086,1.008093,0.214916,0.173086,0.975519,topk_view_drift_not_routing_leakage,fig_recall_b_baseline_view_isolation
SIFT1M,1000000,1000000,Lethe,proposed_method,cluster,0.3,100,10000,0.8,0.1,2,baseline_view_isolation_100roles_80shared_frac0.3,0.01036098,0.00250551,0.99749449,0.976505,0.00554412,1.036098,0.250551,99.749449,0.554412,0.00976703,0.00239919,0.00219727,0.976703,0.239919,0.219727,0.976722,topk_view_drift_not_routing_leakage,fig_recall_b_baseline_view_isolation
SIFT1M,1000000,1000000,Lethe,proposed_method,cluster,0.3,100,10000,0.8,0.1,3,baseline_view_isolation_100roles_80shared_frac0.3,0.01005722,0.00248986,0.99751014,0.979744,0.00550363,1.005722,0.248986,99.751014,0.550363,0.00913637,0.00255215,0.0018254,0.913637,0.255215,0.18254,0.979228,topk_view_drift_not_routing_leakage,fig_recall_b_baseline_view_isolation
SIFT1M,1000000,1000000,Lethe,proposed_method,cluster,0.3,100,10000,0.8,0.1,4,baseline_view_isolation_100roles_80shared_frac0.3,0.01012731,0.00197169,0.99802831,0.978187,0.005582,1.012731,0.197169,99.802831,0.5582,0.0088816,0.00229871,0.00221115,0.88816,0.229871,0.221115,0.976867,topk_view_drift_not_routing_leakage,fig_recall_b_baseline_view_isolation
SIFT1M,1000000,1000000,Lethe,proposed_method,cluster,0.3,100,10000,0.8,0.1,5,baseline_view_isolation_100roles_80shared_frac0.3,0.01112139,0.00266788,0.99733212,0.979655,0.00535612,1.112139,0.266788,99.733212,0.535612,0.00954126,0.00182604,0.00258341,0.954126,0.182604,0.258341,0.978297,topk_view_drift_not_routing_leakage,fig_recall_b_baseline_view_isolation
SIFT1M,1000000,1000000,Lethe,proposed_method,cluster,0.3,100,10000,0.8,0.1,6,baseline_view_isolation_100roles_80shared_frac0.3,0.01093,0.00272839,0.99727161,0.978547,0.00588982,1.093,0.272839,99.727161,0.588982,0.00935156,0.00221613,0.00245405,0.935156,0.221613,0.245405,0.97784,topk_view_drift_not_routing_leakage,fig_recall_b_baseline_view_isolation
SIFT1M,1000000,1000000,Lethe,proposed_method,cluster,0.3,100,10000,0.8,0.1,7,baseline_view_isolation_100roles_80shared_frac0.3,0.01037293,0.00202002,0.99797998,0.977552,0.00567197,1.037293,0.202002,99.797998,0.567197,0.00888289,0.00155466,0.00221959,0.888289,0.155466,0.221959,0.980008,topk_view_drift_not_routing_leakage,fig_recall_b_baseline_view_isolation
SIFT1M,1000000,1000000,Lethe,proposed_method,cluster,0.3,100,10000,0.8,0.1,8,baseline_view_isolation_100roles_80shared_frac0.3,0.01032863,0.00247778,0.99752222,0.978035,0.00580816,1.032863,0.247778,99.752222,0.580816,0.00920911,0.00191048,0.00237486,0.920911,0.191048,0.237486,0.97848,topk_view_drift_not_routing_leakage,fig_recall_b_baseline_view_isolation
SIFT1M,1000000,1000000,Lethe,proposed_method,cluster,0.3,100,10000,0.8,0.1,9,baseline_view_isolation_100roles_80shared_frac0.3,0.0110696,0.00214785,0.99785215,0.977652,0.00591545,1.10696,0.214785,99.785215,0.591545,0.01050607,0.00207998,0.00240528,1.050607,0.207998,0.240528,0.977141,topk_view_drift_not_routing_leakage,fig_recall_b_baseline_view_isolation
MIMIC-IV-CaseStudy,1800000,1800000,Lethe,proposed_method,cluster,0.3,100,10000,0.8,0.1,0,baseline_view_isolation_100roles_80shared_frac0.3,0.0111027,0.00253108,0.99746892,0.980796,0.00599621,1.11027,0.253108,99.746892,0.599621,0.01033439,0.00232871,0.00223121,1.033439,0.232871,0.223121,0.979167,topk_view_drift_not_routing_leakage,fig_recall_b_baseline_view_isolation
MIMIC-IV-CaseStudy,1800000,1800000,Lethe,proposed_method,cluster,0.3,100,10000,0.8,0.1,1,baseline_view_isolation_100roles_80shared_frac0.3,0.01064137,0.00245481,0.99754519,0.982681,0.00685328,1.064137,0.245481,99.754519,0.685328,0.01034029,0.00251227,0.00223954,1.034029,0.251227,0.223954,0.974785,topk_view_drift_not_routing_leakage,fig_recall_b_baseline_view_isolation
MIMIC-IV-CaseStudy,1800000,1800000,Lethe,proposed_method,cluster,0.3,100,10000,0.8,0.1,2,baseline_view_isolation_100roles_80shared_frac0.3,0.01124028,0.00261948,0.99738052,0.979986,0.0064397,1.124028,0.261948,99.738052,0.64397,0.01034108,0.00266451,0.00252129,1.034108,0.266451,0.252129,0.975527,topk_view_drift_not_routing_leakage,fig_recall_b_baseline_view_isolation
MIMIC-IV-CaseStudy,1800000,1800000,Lethe,proposed_method,cluster,0.3,100,10000,0.8,0.1,3,baseline_view_isolation_100roles_80shared_frac0.3,0.01136471,0.0028164,0.9971836,0.981103,0.00632056,1.136471,0.28164,99.71836,0.632056,0.01075811,0.00255768,0.00286025,1.075811,0.255768,0.286025,0.977934,topk_view_drift_not_routing_leakage,fig_recall_b_baseline_view_isolation
MIMIC-IV-CaseStudy,1800000,1800000,Lethe,proposed_method,cluster,0.3,100,10000,0.8,0.1,4,baseline_view_isolation_100roles_80shared_frac0.3,0.01156082,0.00302673,0.99697327,0.980355,0.00634872,1.156082,0.302673,99.697327,0.634872,0.00992043,0.00253096,0.00254994,0.992043,0.253096,0.254994,0.97738,topk_view_drift_not_routing_leakage,fig_recall_b_baseline_view_isolation
MIMIC-IV-CaseStudy,1800000,1800000,Lethe,proposed_method,cluster,0.3,100,10000,0.8,0.1,5,baseline_view_isolation_100roles_80shared_frac0.3,0.01041539,0.00231917,0.99768083,0.977651,0.00646395,1.041539,0.231917,99.768083,0.646395,0.01070985,0.00238331,0.00282063,1.070985,0.238331,0.282063,0.979556,topk_view_drift_not_routing_leakage,fig_recall_b_baseline_view_isolation
MIMIC-IV-CaseStudy,1800000,1800000,Lethe,proposed_method,cluster,0.3,100,10000,0.8,0.1,6,baseline_view_isolation_100roles_80shared_frac0.3,0.01118271,0.00216947,0.99783053,0.979311,0.00657522,1.118271,0.216947,99.783053,0.657522,0.01083378,0.00283399,0.00262961,1.083378,0.283399,0.262961,0.978676,topk_view_drift_not_routing_leakage,fig_recall_b_baseline_view_isolation
MIMIC-IV-CaseStudy,1800000,1800000,Lethe,proposed_method,cluster,0.3,100,10000,0.8,0.1,7,baseline_view_isolation_100roles_80shared_frac0.3,0.0111435,0.00257064,0.99742936,0.976589,0.00592293,1.11435,0.257064,99.742936,0.592293,0.010192,0.00207426,0.00252348,1.0192,0.207426,0.252348,0.976966,topk_view_drift_not_routing_leakage,fig_recall_b_baseline_view_isolation
MIMIC-IV-CaseStudy,1800000,1800000,Lethe,proposed_method,cluster,0.3,100,10000,0.8,0.1,8,baseline_view_isolation_100roles_80shared_frac0.3,0.01094174,0.00293374,0.99706626,0.979843,0.00618608,1.094174,0.293374,99.706626,0.618608,0.01034062,0.00228063,0.00265446,1.034062,0.228063,0.265446,0.97992,topk_view_drift_not_routing_leakage,fig_recall_b_baseline_view_isolation
MIMIC-IV-CaseStudy,1800000,1800000,Lethe,proposed_method,cluster,0.3,100,10000,0.8,0.1,9,baseline_view_isolation_100roles_80shared_frac0.3,0.01149076,0.0026501,0.9973499,0.982296,0.00589788,1.149076,0.26501,99.73499,0.589788,0.01068114,0.00222156,0.00255813,1.068114,0.222156,0.255813,0.975043,topk_view_drift_not_routing_leakage,fig_recall_b_baseline_view_isolation
